2021-10-10 18:43:46,Tgru,Tpow
2021-11-13 23:46:52,21.8,34.7
2021-11-13 23:47:40,22.0,34.8
2021-11-13 23:48:29,22.2,34.8
2021-11-13 23:49:17,22.4,34.8
2021-11-13 23:50:05,22.6,34.8
2021-11-13 23:50:51,22.6,34.8
2021-11-13 23:50:53,22.8,34.8
2021-11-13 23:51:41,23.0,34.9
2021-11-13 23:52:29,23.1,35.0
2021-11-13 23:53:17,23.3,35.1
2021-11-13 23:54:05,23.5,35.3
2021-11-13 23:54:30,23.5,35.3
2021-11-13 23:54:53,23.5,35.3
2021-11-13 23:55:41,23.7,35.5
2021-11-13 23:56:29,23.8,35.6
2021-11-13 23:57:17,23.8,35.7
2021-11-13 23:58:05,23.9,35.8
2021-11-13 23:58:53,24.0,35.8
2021-11-13 23:59:40,24.1,35.9
2021-11-14 00:00:28,24.1,35.9
2021-11-14 00:01:16,24.2,35.9
2021-11-14 00:02:04,24.1,35.8
2021-11-14 00:02:52,24.1,35.8
2021-11-14 00:03:40,24.1,35.8
2021-11-14 00:04:29,24.2,35.7
2021-11-14 00:05:17,24.2,35.6
2021-11-14 00:06:05,24.3,35.6
2021-11-14 00:06:53,24.3,35.5
2021-11-14 00:07:41,24.3,35.5
2021-11-14 00:08:29,24.3,35.5
2021-11-14 00:09:17,24.3,35.6
2021-11-14 00:10:05,24.3,35.6
2021-11-14 00:10:53,24.3,35.6
2021-11-14 00:11:41,24.3,35.7
2021-11-14 00:12:29,24.3,35.8
2021-11-14 00:13:17,24.2,35.8
2021-11-14 00:14:05,24.2,35.9
2021-11-14 00:14:52,24.2,35.9
2021-11-14 00:15:40,24.2,36.0
2021-11-14 00:16:28,24.1,36.0
2021-11-14 00:17:16,24.1,36.0
2021-11-14 00:18:04,24.1,35.9
2021-11-14 00:18:52,24.0,35.9
2021-11-14 00:19:40,24.0,35.8
2021-11-14 00:20:28,24.0,35.7
2021-11-14 00:21:17,24.0,35.6
2021-11-14 00:22:05,24.0,35.5
2021-11-14 00:22:53,23.9,35.4
2021-11-14 00:23:41,23.9,35.3
2021-11-14 00:24:29,23.8,35.2
2021-11-14 00:24:52,23.8,35.2
2021-11-14 00:25:17,23.7,35.2
2021-11-14 00:26:05,23.7,35.1
2021-11-14 00:26:53,23.6,35.1
2021-11-14 00:27:41,23.6,35.1
2021-11-14 00:28:14,23.6,35.1
2021-11-14 00:28:29,23.6,35.3
2021-11-14 00:29:17,23.5,35.3
2021-11-14 00:30:04,23.5,35.4
2021-11-14 00:30:52,23.5,35.5
2021-11-14 00:31:40,23.5,35.5
2021-11-14 00:32:28,23.5,35.5
2021-11-14 00:33:16,23.4,35.6
2021-11-14 00:34:04,23.4,35.5
2021-11-14 00:34:52,23.3,35.5
2021-11-14 00:35:40,23.3,35.4
2021-11-14 00:36:28,23.3,35.3
2021-11-14 00:37:17,23.3,35.3
2021-11-14 00:38:05,23.3,35.2
2021-11-14 00:38:53,23.2,35.1
2021-11-14 00:39:41,23.2,35.0
2021-11-14 00:40:29,23.2,35.0
2021-11-14 00:41:06,23.2,35.0
2021-11-14 00:41:17,23.1,34.9
2021-11-14 00:41:59,23.1,34.9
2021-11-14 00:42:05,23.1,34.8
2021-11-14 00:42:53,23.1,34.8
2021-11-14 00:43:41,23.1,34.8
2021-11-14 00:43:50,23.1,34.8
2021-11-14 00:44:29,23.1,34.8
2021-11-14 00:45:16,23.1,34.8
2021-11-14 00:46:04,23.1,35.0
2021-11-14 00:46:26,23.1,35.0
2021-11-14 00:46:52,23.1,35.0
2021-11-14 00:47:40,23.0,35.1
2021-11-14 00:48:28,23.0,35.1
2021-11-14 00:49:16,23.0,35.3
2021-11-14 00:50:04,23.0,35.3
2021-11-14 00:50:52,23.0,35.3
2021-11-14 00:51:40,23.0,35.3
2021-11-14 00:52:28,23.1,35.3
2021-11-14 00:53:17,23.1,35.3
2021-11-14 00:54:05,23.1,35.3
2021-11-14 00:54:53,23.1,35.2
2021-11-14 00:55:41,23.1,35.1
2021-11-14 00:56:29,23.1,35.1
2021-11-14 00:57:17,23.1,35.1
2021-11-14 00:58:05,23.1,35.0
2021-11-14 00:58:53,23.1,35.0
2021-11-14 00:59:40,23.1,35.0
2021-11-14 01:00:28,23.2,35.0
2021-11-14 01:01:16,23.2,35.0
2021-11-14 01:02:04,23.1,35.0
2021-11-14 01:02:52,23.1,35.1
2021-11-14 01:03:13,23.1,35.1
2021-11-14 01:03:40,23.1,35.1
2021-11-14 01:04:28,23.1,35.2
2021-11-14 01:05:16,23.1,35.3
2021-11-14 01:06:04,23.1,35.4
2021-11-14 01:06:52,23.1,35.5
2021-11-14 01:07:40,23.1,35.5
2021-11-14 01:08:28,23.1,35.5
2021-11-14 01:09:17,23.1,35.5
2021-11-14 01:10:05,23.1,35.5
2021-11-14 01:10:53,23.1,35.4
2021-11-14 01:11:41,23.1,35.4
2021-11-14 01:12:29,23.1,35.3
2021-11-14 01:13:17,23.0,35.3
2021-11-14 01:14:05,23.0,35.2
2021-11-14 01:14:52,23.0,35.1
2021-11-14 01:15:40,23.0,35.1
2021-11-14 01:16:28,23.0,35.0
2021-11-14 01:17:16,23.0,35.0
2021-11-14 01:18:04,23.0,35.0
2021-11-14 01:18:52,23.0,34.9
2021-11-14 01:19:40,23.0,34.9
2021-11-14 01:20:28,23.0,34.9
2021-11-14 01:21:16,23.0,34.9
2021-11-14 01:22:04,23.0,35.0
2021-11-14 01:22:52,23.0,35.0
2021-11-14 01:23:40,23.0,35.1
2021-11-14 01:24:28,22.9,35.1
2021-11-14 01:25:17,22.9,35.1
2021-11-14 01:25:19,22.9,35.1
2021-11-14 01:26:05,22.9,35.2
2021-11-14 01:26:47,22.9,35.2
2021-11-14 01:26:53,22.9,35.2
2021-11-14 01:27:41,22.9,35.1
2021-11-14 01:28:29,22.9,35.1
2021-11-14 01:29:17,22.9,35.1
2021-11-14 01:29:29,22.9,35.1
2021-11-14 01:30:04,22.9,35.1
2021-11-14 01:30:52,22.8,35.0
2021-11-14 01:31:40,22.8,35.0
2021-11-14 01:32:28,22.8,34.9
2021-11-14 01:33:16,22.8,34.8
2021-11-14 01:34:04,22.8,34.8
2021-11-14 01:34:52,22.8,34.8
2021-11-14 01:35:40,22.8,34.7
2021-11-14 01:36:28,22.8,34.6
2021-11-14 01:37:16,22.8,34.7
2021-11-14 01:38:04,22.8,34.7
2021-11-14 01:38:52,22.8,34.7
2021-11-14 01:39:40,22.8,34.8
2021-11-14 01:40:25,22.8,34.8
2021-11-14 01:40:29,22.7,34.8
2021-11-14 01:41:17,22.7,34.9
2021-11-14 01:42:05,22.7,35.0
2021-11-14 01:42:53,22.6,35.0
2021-11-14 01:43:41,22.6,35.1
2021-11-14 01:44:28,22.6,35.1
2021-11-14 01:45:16,22.6,35.1
2021-11-14 01:46:04,22.6,35.0
2021-11-14 01:46:52,22.6,35.0
2021-11-14 01:47:40,22.6,35.0
2021-11-14 01:48:28,22.5,34.9
2021-11-14 01:49:16,22.5,34.8
2021-11-14 01:50:04,22.5,34.8
2021-11-14 01:50:52,22.5,34.7
2021-11-14 01:51:40,22.5,34.6
2021-11-14 01:52:28,22.5,34.6
2021-11-14 01:53:16,22.4,34.6
2021-11-14 01:54:04,22.4,34.6
2021-11-14 01:54:52,22.4,34.6
2021-11-14 01:55:40,22.4,34.6
2021-11-14 01:56:29,22.3,34.6
2021-11-14 01:57:17,22.3,34.8
2021-11-14 01:58:05,22.3,34.8
2021-11-14 01:58:53,22.3,34.9
2021-11-14 01:59:40,22.3,35.0
2021-11-14 02:00:28,22.3,35.0
2021-11-14 02:01:16,22.3,35.0
2021-11-14 02:02:04,22.3,35.0
2021-11-14 02:02:52,22.3,35.0
2021-11-14 02:03:40,22.3,35.0
2021-11-14 02:04:28,22.4,34.9
2021-11-14 02:05:12,22.4,34.9
2021-11-14 02:05:16,22.4,34.9
2021-11-14 02:06:04,22.4,34.8
2021-11-14 02:06:34,22.4,34.8
2021-11-14 02:06:52,22.4,34.7
2021-11-14 02:07:40,22.4,34.6
2021-11-14 02:08:28,22.4,34.6
2021-11-14 02:09:16,22.4,34.5
2021-11-14 02:10:04,22.4,34.5
2021-11-14 02:10:52,22.4,34.5
2021-11-14 02:11:40,22.4,34.5
2021-11-14 02:12:29,22.4,34.6
2021-11-14 02:13:17,22.5,34.6
2021-11-14 02:14:04,22.4,34.7
2021-11-14 02:14:52,22.5,34.8
2021-11-14 02:15:40,22.5,34.8
2021-11-14 02:16:28,22.5,35.0
2021-11-14 02:17:16,22.5,35.0
2021-11-14 02:18:04,22.5,35.0
2021-11-14 02:18:52,22.5,35.1
2021-11-14 02:19:40,22.5,35.1
2021-11-14 02:20:28,22.5,35.1
2021-11-14 02:21:16,22.5,35.0
2021-11-14 02:22:04,22.5,35.0
2021-11-14 02:22:52,22.5,35.0
2021-11-14 02:23:40,22.6,35.0
2021-11-14 02:24:28,22.6,35.0
2021-11-14 02:25:16,22.6,34.9
2021-11-14 02:26:04,22.6,34.9
2021-11-14 02:26:52,22.6,34.8
2021-11-14 02:27:41,22.6,34.8
2021-11-14 02:28:29,22.7,34.8
2021-11-14 02:28:53,22.7,34.8
2021-11-14 02:29:16,22.7,34.8
2021-11-14 02:30:04,22.7,34.8
2021-11-14 02:30:52,22.7,34.9
2021-11-14 02:31:24,22.7,34.9
2021-11-14 02:31:40,22.7,34.9
2021-11-14 02:32:28,22.7,35.0
2021-11-14 02:32:55,22.7,35.0
2021-11-14 02:33:16,22.7,35.1
2021-11-14 02:34:04,22.7,35.1
2021-11-14 02:34:52,22.7,35.2
2021-11-14 02:35:40,22.6,35.2
2021-11-14 02:36:28,22.7,35.3
2021-11-14 02:37:16,22.6,35.2
2021-11-14 02:38:04,22.6,35.2
2021-11-14 02:38:52,22.6,35.1
2021-11-14 02:39:40,22.6,35.1
2021-11-14 02:40:28,22.6,35.1
2021-11-14 02:41:16,22.6,35.1
2021-11-14 02:42:04,22.6,35.0
2021-11-14 02:42:52,22.6,35.0
2021-11-14 02:43:40,22.6,34.9
2021-11-14 02:43:43,22.6,34.9
2021-11-14 02:44:28,22.6,34.8
2021-11-14 02:45:16,22.6,34.8
2021-11-14 02:46:04,22.6,34.7
2021-11-14 02:46:52,22.6,34.7
2021-11-14 02:47:40,22.6,34.7
2021-11-14 02:48:28,22.6,34.7
2021-11-14 02:49:16,22.6,34.8
2021-11-14 02:50:04,22.6,34.8
2021-11-14 02:50:52,22.5,34.9
2021-11-14 02:51:37,22.5,34.9
2021-11-14 02:51:40,22.6,35.0
2021-11-14 02:52:28,22.5,35.0
2021-11-14 02:52:39,22.5,35.0
2021-11-14 02:53:13,22.5,35.0
2021-11-14 02:53:16,22.5,35.0
2021-11-14 02:54:04,22.5,35.1
2021-11-14 02:54:31,22.5,35.1
2021-11-14 02:54:52,22.5,35.0
2021-11-14 02:55:40,22.5,35.0
2021-11-14 02:56:28,22.5,35.0
2021-11-14 02:57:16,22.5,34.9
2021-11-14 02:58:04,22.5,34.9
2021-11-14 02:58:51,22.5,34.8
2021-11-14 02:59:40,22.5,34.8
2021-11-14 03:00:28,22.5,34.8
2021-11-14 03:01:16,22.5,34.7
2021-11-14 03:01:28,22.5,34.7
2021-11-14 03:02:04,22.5,34.7
2021-11-14 03:02:52,22.5,34.6
2021-11-14 03:03:40,22.6,34.6
2021-11-14 03:04:17,22.6,34.6
2021-11-14 03:04:28,22.5,34.6
2021-11-14 03:05:16,22.5,34.6
2021-11-14 03:06:04,22.5,34.7
2021-11-14 03:06:52,22.5,34.8
2021-11-14 03:07:40,22.6,34.8
2021-11-14 03:08:28,22.6,34.8
2021-11-14 03:09:16,22.6,34.9
2021-11-14 03:10:04,22.5,35.0
2021-11-14 03:10:52,22.5,35.0
2021-11-14 03:11:40,22.5,35.0
2021-11-14 03:12:28,22.5,35.0
2021-11-14 03:13:16,22.5,35.0
2021-11-14 03:14:03,22.6,35.0
2021-11-14 03:14:51,22.5,35.0
2021-11-14 03:15:40,22.6,34.9
2021-11-14 03:16:28,22.6,34.9
2021-11-14 03:17:15,22.6,34.9
2021-11-14 03:17:16,22.6,34.8
2021-11-14 03:18:04,22.6,34.8
2021-11-14 03:18:52,22.6,34.7
2021-11-14 03:19:40,22.6,34.7
2021-11-14 03:20:10,22.6,34.7
2021-11-14 03:20:28,22.5,34.6
2021-11-14 03:21:16,22.5,34.6
2021-11-14 03:22:04,22.5,34.6
2021-11-14 03:22:13,22.5,34.6
2021-11-14 03:22:52,22.5,34.6
2021-11-14 03:23:40,22.5,34.6
2021-11-14 03:24:28,22.5,34.7
2021-11-14 03:25:16,22.5,34.7
2021-11-14 03:26:04,22.5,34.8
2021-11-14 03:26:52,22.5,34.9
2021-11-14 03:27:40,22.4,35.0
2021-11-14 03:28:27,22.4,35.0
2021-11-14 03:29:15,22.4,35.0
2021-11-14 03:30:03,22.3,35.1
2021-11-14 03:30:52,22.3,35.1
2021-11-14 03:31:40,22.3,35.1
2021-11-14 03:32:28,22.3,35.0
2021-11-14 03:33:16,22.3,35.0
2021-11-14 03:34:04,22.4,34.9
2021-11-14 03:34:52,22.3,34.9
2021-11-14 03:35:40,22.4,34.8
2021-11-14 03:36:02,22.4,34.8
2021-11-14 03:36:28,22.3,34.7
2021-11-14 03:37:16,22.4,34.6
2021-11-14 03:38:04,22.4,34.6
2021-11-14 03:38:52,22.4,34.5
2021-11-14 03:39:40,22.4,34.5
2021-11-14 03:40:28,22.3,34.5
2021-11-14 03:41:16,22.4,34.5
2021-11-14 03:42:04,22.4,34.6
2021-11-14 03:42:52,22.3,34.6
2021-11-14 03:43:39,22.3,34.7
2021-11-14 03:44:27,22.4,34.8
2021-11-14 03:45:15,22.3,34.8
2021-11-14 03:46:03,22.3,34.9
2021-11-14 03:46:52,22.3,35.0
2021-11-14 03:47:40,22.3,35.0
2021-11-14 03:47:49,22.3,35.0
2021-11-14 03:48:28,22.3,35.0
2021-11-14 03:48:45,22.3,35.0
2021-11-14 03:49:16,22.3,35.0
2021-11-14 03:49:55,22.3,35.0
2021-11-14 03:50:04,22.3,35.0
2021-11-14 03:50:52,22.3,34.9
2021-11-14 03:51:40,22.3,34.8
2021-11-14 03:52:28,22.3,34.8
2021-11-14 03:53:16,22.4,34.8
2021-11-14 03:54:04,22.4,34.7
2021-11-14 03:54:52,22.4,34.6
2021-11-14 03:55:40,22.4,34.6
2021-11-14 03:56:28,22.4,34.6
2021-11-14 03:57:16,22.4,34.5
2021-11-14 03:58:03,22.5,34.6
2021-11-14 03:58:51,22.5,34.6
2021-11-14 03:59:39,22.5,34.6
2021-11-14 04:00:27,22.5,34.8
2021-11-14 04:01:15,22.5,34.8
2021-11-14 04:02:03,22.5,35.0
2021-11-14 04:02:52,22.5,35.0
2021-11-14 04:03:40,22.5,35.1
2021-11-14 04:04:28,22.5,35.1
2021-11-14 04:05:16,22.5,35.2
2021-11-14 04:06:04,22.5,35.1
2021-11-14 04:06:52,22.5,35.2
2021-11-14 04:07:40,22.5,35.1
2021-11-14 04:08:28,22.5,35.1
2021-11-14 04:09:16,22.5,35.1
2021-11-14 04:10:04,22.6,35.1
2021-11-14 04:10:52,22.6,35.0
2021-11-14 04:11:40,22.5,35.0
2021-11-14 04:12:28,22.6,34.9
2021-11-14 04:13:15,22.5,34.9
2021-11-14 04:13:59,22.5,34.9
2021-11-14 04:14:03,22.5,34.8
2021-11-14 04:14:51,22.5,34.8
2021-11-14 04:15:39,22.6,34.7
2021-11-14 04:16:01,22.6,34.7
2021-11-14 04:16:25,22.6,34.7
2021-11-14 04:16:27,22.6,34.8
2021-11-14 04:17:15,22.6,34.8
2021-11-14 04:18:04,22.6,34.8
2021-11-14 04:18:15,22.6,34.8
2021-11-14 04:18:52,22.6,34.9
2021-11-14 04:19:40,22.6,34.9
2021-11-14 04:20:28,22.6,35.0
2021-11-14 04:21:16,22.6,35.0
2021-11-14 04:22:04,22.6,35.1
2021-11-14 04:22:52,22.6,35.1
2021-11-14 04:23:40,22.6,35.1
2021-11-14 04:24:28,22.6,35.1
2021-11-14 04:25:16,22.6,35.1
2021-11-14 04:26:04,22.6,35.0
2021-11-14 04:26:52,22.6,35.0
2021-11-14 04:27:39,22.6,35.0
2021-11-14 04:28:27,22.6,34.9
2021-11-14 04:28:59,22.6,34.9
2021-11-14 04:29:15,22.6,34.8
2021-11-14 04:29:37,22.6,34.8
2021-11-14 04:30:03,22.6,34.8
2021-11-14 04:30:51,22.6,34.8
2021-11-14 04:31:39,22.6,34.7
2021-11-14 04:32:27,22.6,34.6
2021-11-14 04:33:15,22.6,34.6
2021-11-14 04:34:04,22.6,34.6
2021-11-14 04:34:52,22.6,34.7
2021-11-14 04:35:40,22.6,34.7
2021-11-14 04:36:28,22.6,34.8
2021-11-14 04:37:16,22.6,34.8
2021-11-14 04:37:48,22.6,34.8
2021-11-14 04:38:04,22.6,34.9
2021-11-14 04:38:30,22.6,34.9
2021-11-14 04:38:52,22.5,35.0
2021-11-14 04:39:40,22.6,35.0
2021-11-14 04:40:28,22.5,35.1
2021-11-14 04:41:16,22.5,35.1
2021-11-14 04:42:03,22.5,35.1
2021-11-14 04:42:51,22.5,35.1
2021-11-14 04:43:39,22.5,35.0
2021-11-14 04:44:27,22.5,35.0
2021-11-14 04:45:15,22.5,35.0
2021-11-14 04:46:03,22.5,34.9
2021-11-14 04:46:16,22.5,34.9
2021-11-14 04:46:51,22.5,34.9
2021-11-14 04:47:39,22.5,34.8
2021-11-14 04:48:27,22.5,34.8
2021-11-14 04:49:15,22.5,34.7
2021-11-14 04:50:04,22.5,34.6
2021-11-14 04:50:52,22.5,34.6
2021-11-14 04:51:40,22.5,34.6
2021-11-14 04:52:28,22.5,34.6
2021-11-14 04:53:16,22.5,34.6
2021-11-14 04:54:04,22.4,34.7
2021-11-14 04:54:16,22.4,34.7
2021-11-14 04:54:52,22.4,34.8
2021-11-14 04:55:40,22.3,34.8
2021-11-14 04:56:28,22.3,35.0
2021-11-14 04:57:15,22.3,35.0
2021-11-14 04:58:03,22.3,35.0
2021-11-14 04:58:51,22.2,35.1
2021-11-14 04:59:39,22.2,35.1
2021-11-14 05:00:27,22.1,35.1
2021-11-14 05:01:15,22.1,35.0
2021-11-14 05:02:03,22.1,35.0
2021-11-14 05:02:51,22.1,35.0
2021-11-14 05:03:39,22.1,34.9
2021-11-14 05:04:27,22.1,34.8
2021-11-14 05:05:16,22.1,34.8
2021-11-14 05:06:04,22.1,34.7
2021-11-14 05:06:52,22.1,34.6
2021-11-14 05:07:40,22.1,34.6
2021-11-14 05:08:28,22.1,34.5
2021-11-14 05:09:16,22.1,34.5
2021-11-14 05:10:04,22.1,34.5
2021-11-14 05:10:52,22.1,34.5
2021-11-14 05:11:39,22.1,34.5
2021-11-14 05:12:27,22.1,34.5
2021-11-14 05:13:15,22.1,34.6
2021-11-14 05:14:03,22.1,34.6
2021-11-14 05:14:51,22.1,34.8
2021-11-14 05:15:39,22.2,34.8
2021-11-14 05:16:27,22.1,35.0
2021-11-14 05:17:15,22.2,35.0
2021-11-14 05:18:03,22.2,35.0
2021-11-14 05:18:22,22.2,35.0
2021-11-14 05:18:51,22.2,35.0
2021-11-14 05:19:39,22.2,35.0
2021-11-14 05:20:27,22.2,35.0
2021-11-14 05:21:16,22.3,35.0
2021-11-14 05:22:04,22.3,35.0
2021-11-14 05:22:52,22.3,34.9
2021-11-14 05:23:40,22.3,34.8
2021-11-14 05:24:28,22.3,34.8
2021-11-14 05:25:16,22.3,34.8
2021-11-14 05:26:04,22.3,34.8
2021-11-14 05:26:51,22.3,34.7
2021-11-14 05:27:21,22.3,34.7
2021-11-14 05:27:39,22.4,34.7
2021-11-14 05:28:27,22.4,34.6
2021-11-14 05:29:15,22.5,34.6
2021-11-14 05:30:03,22.5,34.7
2021-11-14 05:30:51,22.5,34.8
2021-11-14 05:31:39,22.5,34.8
2021-11-14 05:32:27,22.5,34.8
2021-11-14 05:33:15,22.5,35.0
2021-11-14 05:34:03,22.5,35.0
2021-11-14 05:34:51,22.5,35.1
2021-11-14 05:35:39,22.5,35.1
2021-11-14 05:36:10,22.5,35.1
2021-11-14 05:36:27,22.5,35.1
2021-11-14 05:37:16,22.5,35.1
2021-11-14 05:38:04,22.5,35.1
2021-11-14 05:38:52,22.5,35.1
2021-11-14 05:39:40,22.5,35.1
2021-11-14 05:40:28,22.5,35.0
2021-11-14 05:41:15,22.4,35.0
2021-11-14 05:42:03,22.3,35.0
2021-11-14 05:42:51,22.3,34.9
2021-11-14 05:43:39,22.3,34.8
2021-11-14 05:44:27,22.3,34.8
2021-11-14 05:45:15,22.3,34.7
2021-11-14 05:45:43,22.3,34.7
2021-11-14 05:46:03,22.2,34.7
2021-11-14 05:46:51,22.2,34.6
2021-11-14 05:47:39,22.2,34.6
2021-11-14 05:48:27,22.2,34.6
2021-11-14 05:49:15,22.1,34.6
2021-11-14 05:50:03,22.1,34.6
2021-11-14 05:50:51,22.1,34.7
2021-11-14 05:51:39,22.0,34.7
2021-11-14 05:52:27,22.0,34.8
2021-11-14 05:53:16,22.0,34.8
2021-11-14 05:54:04,21.9,34.8
2021-11-14 05:54:52,21.8,34.8
2021-11-14 05:55:40,21.8,34.8
2021-11-14 05:56:27,21.8,34.8
2021-11-14 05:57:15,21.7,34.8
2021-11-14 05:58:03,21.7,34.7
2021-11-14 05:58:51,21.6,34.6
2021-11-14 05:59:39,21.6,34.6
2021-11-14 06:00:27,21.6,34.5
2021-11-14 06:01:15,21.6,34.5
2021-11-14 06:02:03,21.6,34.5
2021-11-14 06:02:51,21.5,34.4
2021-11-14 06:03:39,21.5,34.3
2021-11-14 06:04:27,21.5,34.3
2021-11-14 06:04:53,21.5,34.3
2021-11-14 06:05:16,21.4,34.2
2021-11-14 06:06:04,21.4,34.2
2021-11-14 06:06:52,21.4,34.2
2021-11-14 06:07:40,21.4,34.3
2021-11-14 06:08:27,21.4,34.3
2021-11-14 06:09:15,21.4,34.4
2021-11-14 06:10:03,21.4,34.5
2021-11-14 06:10:51,21.4,34.5
2021-11-14 06:11:39,21.4,34.6
2021-11-14 06:12:27,21.4,34.6
2021-11-14 06:13:15,21.4,34.6
2021-11-14 06:14:03,21.4,34.6
2021-11-14 06:14:51,21.4,34.6
2021-11-14 06:15:39,21.4,34.6
2021-11-14 06:15:46,21.4,34.6
2021-11-14 06:16:27,21.5,34.6
2021-11-14 06:17:15,21.5,34.6
2021-11-14 06:18:03,21.5,34.6
2021-11-14 06:18:51,21.5,34.5
2021-11-14 06:19:39,21.5,34.5
2021-11-14 06:20:27,21.5,34.5
2021-11-14 06:21:16,21.5,34.4
2021-11-14 06:22:04,21.4,34.4
2021-11-14 06:22:52,21.4,34.3
2021-11-14 06:23:39,21.4,34.3
2021-11-14 06:24:02,21.4,34.3
2021-11-14 06:24:27,21.4,34.3
2021-11-14 06:25:13,21.4,34.3
2021-11-14 06:25:15,21.4,34.2
2021-11-14 06:26:38,21.4,34.2
2021-11-14 06:26:51,21.3,34.1
2021-11-14 06:27:39,21.3,34.1
2021-11-14 06:28:27,21.3,34.2
2021-11-14 06:29:15,21.3,34.3
2021-11-14 06:30:03,21.3,34.3
2021-11-14 06:30:51,21.3,34.4
2021-11-14 06:31:10,21.3,34.4
2021-11-14 06:31:39,21.3,34.4
2021-11-14 06:32:27,21.3,34.5
2021-11-14 06:33:15,21.3,34.5
2021-11-14 06:34:03,21.3,34.5
2021-11-14 06:34:51,21.3,34.5
2021-11-14 06:35:39,21.4,34.5
2021-11-14 06:35:56,21.4,34.5
2021-11-14 06:36:27,21.4,34.5
2021-11-14 06:37:16,21.4,34.5
2021-11-14 06:38:04,21.4,34.5
2021-11-14 06:38:51,21.4,34.4
2021-11-14 06:39:08,21.4,34.4
2021-11-14 06:39:39,21.4,34.3
2021-11-14 06:40:27,21.4,34.3
2021-11-14 06:41:15,21.4,34.3
2021-11-14 06:42:03,21.4,34.2
2021-11-14 06:42:51,21.4,34.2
2021-11-14 06:42:56,21.4,34.2
2021-11-14 06:43:39,21.5,34.1
2021-11-14 06:44:27,21.4,34.1
2021-11-14 06:45:15,21.5,34.2
2021-11-14 06:46:03,21.5,34.2
2021-11-14 06:46:51,21.5,34.3
2021-11-14 06:47:39,21.5,34.3
2021-11-14 06:48:27,21.5,34.4
2021-11-14 06:49:15,21.5,34.5
2021-11-14 06:50:03,21.5,34.5
2021-11-14 06:50:51,21.5,34.6
2021-11-14 06:51:39,21.5,34.6
2021-11-14 06:52:27,21.5,34.6
2021-11-14 06:53:14,21.5,34.7
2021-11-14 06:54:03,21.5,34.7
2021-11-14 06:54:51,21.5,34.6
2021-11-14 06:55:36,21.5,34.6
2021-11-14 06:55:39,21.6,34.6
2021-11-14 06:56:27,21.6,34.6
2021-11-14 06:57:15,21.6,34.6
2021-11-14 06:58:03,21.6,34.5
2021-11-14 06:58:51,21.6,34.5
2021-11-14 06:59:39,21.6,34.5
2021-11-14 07:00:27,21.6,34.4
2021-11-14 07:01:15,21.6,34.3
2021-11-14 07:02:03,21.6,34.3
2021-11-14 07:02:51,21.6,34.3
2021-11-14 07:03:39,21.6,34.3
2021-11-14 07:04:27,21.6,34.3
2021-11-14 07:05:15,21.6,34.3
2021-11-14 07:06:03,21.6,34.4
2021-11-14 07:06:51,21.6,34.5
2021-11-14 07:07:39,21.6,34.5
2021-11-14 07:08:06,21.6,34.5
2021-11-14 07:08:26,21.5,34.5
2021-11-14 07:09:14,21.5,34.6
2021-11-14 07:10:03,21.5,34.6
2021-11-14 07:10:51,21.5,34.6
2021-11-14 07:11:39,21.5,34.6
2021-11-14 07:12:27,21.5,34.6
2021-11-14 07:13:15,21.5,34.6
2021-11-14 07:14:03,21.5,34.6
2021-11-14 07:14:51,21.5,34.5
2021-11-14 07:15:39,21.5,34.5
2021-11-14 07:16:27,21.5,34.5
2021-11-14 07:17:15,21.5,34.4
2021-11-14 07:18:03,21.5,34.3
2021-11-14 07:18:51,21.5,34.3
2021-11-14 07:19:39,21.5,34.3
2021-11-14 07:20:27,21.5,34.2
2021-11-14 07:21:15,21.5,34.2
2021-11-14 07:22:03,21.5,34.2
2021-11-14 07:22:14,21.5,34.2
2021-11-14 07:22:51,21.5,34.3
2021-11-14 07:23:38,21.6,34.3
2021-11-14 07:23:43,21.6,34.3
2021-11-14 07:24:26,21.6,34.4
2021-11-14 07:25:14,21.5,34.5
2021-11-14 07:26:03,21.6,34.5
2021-11-14 07:26:09,21.6,34.5
2021-11-14 07:26:51,21.6,34.6
2021-11-14 07:27:39,21.6,34.6
2021-11-14 07:28:27,21.6,34.7
2021-11-14 07:29:15,21.6,34.7
2021-11-14 07:30:03,21.6,34.7
2021-11-14 07:30:51,21.6,34.7
2021-11-14 07:31:39,21.6,34.6
2021-11-14 07:32:27,21.6,34.6
2021-11-14 07:33:15,21.6,34.6
2021-11-14 07:34:03,21.6,34.6
2021-11-14 07:34:51,21.6,34.6
2021-11-14 07:35:39,21.6,34.5
2021-11-14 07:36:27,21.6,34.5
2021-11-14 07:37:15,21.6,34.4
2021-11-14 07:38:03,21.6,34.3
2021-11-14 07:38:50,21.6,34.3
2021-11-14 07:39:38,21.6,34.3
2021-11-14 07:40:26,21.6,34.3
2021-11-14 07:41:14,21.6,34.3
2021-11-14 07:41:48,21.6,34.3
2021-11-14 07:42:03,21.6,34.3
2021-11-14 07:42:51,21.6,34.4
2021-11-14 07:43:39,21.6,34.4
2021-11-14 07:44:05,21.6,34.4
2021-11-14 07:44:27,21.6,34.5
2021-11-14 07:45:15,21.5,34.5
2021-11-14 07:46:03,21.5,34.6
2021-11-14 07:46:51,21.5,34.6
2021-11-14 07:47:39,21.5,34.7
2021-11-14 07:48:27,21.5,34.7
2021-11-14 07:49:15,21.5,34.7
2021-11-14 07:49:34,21.5,34.7
2021-11-14 07:49:47,21.5,34.7
2021-11-14 07:50:03,21.5,34.6
2021-11-14 07:50:51,21.5,34.6
2021-11-14 07:51:39,21.5,34.6
2021-11-14 07:52:27,21.5,34.5
2021-11-14 07:53:15,21.4,34.5
2021-11-14 07:54:02,21.4,34.5
2021-11-14 07:54:50,21.3,34.4
2021-11-14 07:55:38,21.3,34.3
2021-11-14 07:56:26,21.3,34.2
2021-11-14 07:57:14,21.3,34.2
2021-11-14 07:58:03,21.3,34.1
2021-11-14 07:58:51,21.3,34.1
2021-11-14 07:59:39,21.2,34.1
2021-11-14 08:00:27,21.2,34.1
2021-11-14 08:01:15,21.2,34.2
2021-11-14 08:02:03,21.2,34.2
2021-11-14 08:02:51,21.2,34.3
2021-11-14 08:03:39,21.2,34.4
2021-11-14 08:04:27,21.3,34.5
2021-11-14 08:05:15,21.3,34.5
2021-11-14 08:06:03,21.3,34.5
2021-11-14 08:06:06,21.3,34.5
2021-11-14 08:06:51,21.3,34.6
2021-11-14 08:07:39,21.2,34.6
2021-11-14 08:08:27,21.2,34.6
2021-11-14 08:09:14,21.2,34.5
2021-11-14 08:10:02,21.3,34.5
2021-11-14 08:10:50,21.2,34.5
2021-11-14 08:10:53,21.2,34.5
2021-11-14 08:11:38,21.2,34.3
2021-11-14 08:12:26,21.2,34.3
2021-11-14 08:13:14,21.2,34.3
2021-11-14 08:14:02,21.2,34.2
2021-11-14 08:14:51,21.2,34.2
2021-11-14 08:15:39,21.2,34.1
2021-11-14 08:16:27,21.2,34.1
2021-11-14 08:17:15,21.2,34.1
2021-11-14 08:18:03,21.3,34.1
2021-11-14 08:18:51,21.3,34.2
2021-11-14 08:19:39,21.3,34.3
2021-11-14 08:20:27,21.3,34.3
2021-11-14 08:20:47,21.3,34.3
2021-11-14 08:21:15,21.3,34.3
2021-11-14 08:22:03,21.3,34.5
2021-11-14 08:22:51,21.3,34.5
2021-11-14 08:23:39,21.3,34.6
2021-11-14 08:24:27,21.3,34.6
2021-11-14 08:25:14,21.3,34.6
2021-11-14 08:26:02,21.3,34.7
2021-11-14 08:26:50,21.4,34.7
2021-11-14 08:27:38,21.4,34.7
2021-11-14 08:28:26,21.4,34.7
2021-11-14 08:29:14,21.4,34.6
2021-11-14 08:29:36,21.4,34.6
2021-11-14 08:30:02,21.5,34.6
2021-11-14 08:30:51,21.5,34.6
2021-11-14 08:31:39,21.5,34.6
2021-11-14 08:32:27,21.5,34.5
2021-11-14 08:32:43,21.5,34.5
2021-11-14 08:33:15,21.5,34.5
2021-11-14 08:34:03,21.5,34.4
2021-11-14 08:34:51,21.5,34.4
2021-11-14 08:35:39,21.5,34.3
2021-11-14 08:36:27,21.5,34.3
2021-11-14 08:37:15,21.5,34.3
2021-11-14 08:38:03,21.5,34.3
2021-11-14 08:38:51,21.5,34.4
2021-11-14 08:39:39,21.5,34.5
2021-11-14 08:40:26,21.5,34.5
2021-11-14 08:41:14,21.5,34.6
2021-11-14 08:42:02,21.5,34.6
2021-11-14 08:42:50,21.5,34.7
2021-11-14 08:43:38,21.5,34.8
2021-11-14 08:44:26,21.5,34.8
2021-11-14 08:45:14,21.5,34.8
2021-11-14 08:46:02,21.6,34.8
2021-11-14 08:46:50,21.5,34.8
2021-11-14 08:47:39,21.6,34.8
2021-11-14 08:48:27,21.6,34.8
2021-11-14 08:48:48,21.6,34.8
2021-11-14 08:49:15,21.5,34.7
2021-11-14 08:50:03,21.6,34.6
2021-11-14 08:50:51,21.6,34.6
2021-11-14 08:51:39,21.5,34.6
2021-11-14 08:52:27,21.6,34.5
2021-11-14 08:53:15,21.6,34.5
2021-11-14 08:54:03,21.6,34.4
2021-11-14 08:54:50,21.6,34.4
2021-11-14 08:55:38,21.6,34.3
2021-11-14 08:56:26,21.6,34.3
2021-11-14 08:57:14,21.6,34.3
2021-11-14 08:58:02,21.6,34.3
2021-11-14 08:58:50,21.6,34.4
2021-11-14 08:59:38,21.6,34.5
2021-11-14 09:00:26,21.6,34.5
2021-11-14 09:00:46,21.6,34.5
2021-11-14 09:01:14,21.6,34.6
2021-11-14 09:01:22,21.6,34.6
2021-11-14 09:02:02,21.6,34.6
2021-11-14 09:02:51,21.6,34.6
2021-11-14 09:03:39,21.6,34.8
2021-11-14 09:04:25,21.6,34.8
2021-11-14 09:04:27,21.6,34.8
2021-11-14 09:05:15,21.5,34.8
2021-11-14 09:06:03,21.5,34.8
2021-11-14 09:06:51,21.5,34.7
2021-11-14 09:07:39,21.5,34.7
2021-11-14 09:08:27,21.5,34.7
2021-11-14 09:09:15,21.5,34.6
2021-11-14 09:10:02,21.5,34.6
2021-11-14 09:10:50,21.5,34.6
2021-11-14 09:11:38,21.5,34.5
2021-11-14 09:12:26,21.5,34.5
2021-11-14 09:13:14,21.5,34.4
2021-11-14 09:14:02,21.5,34.3
2021-11-14 09:14:50,21.5,34.3
2021-11-14 09:15:38,21.5,34.3
2021-11-14 09:16:26,21.5,34.3
2021-11-14 09:17:14,21.5,34.3
2021-11-14 09:18:02,21.5,34.3
2021-11-14 09:18:51,21.5,34.4
2021-11-14 09:19:39,21.5,34.5
2021-11-14 09:20:27,21.5,34.5
2021-11-14 09:21:15,21.5,34.6
2021-11-14 09:22:03,21.4,34.6
2021-11-14 09:22:51,21.4,34.6
2021-11-14 09:23:39,21.4,34.6
2021-11-14 09:24:27,21.3,34.6
2021-11-14 09:25:14,21.3,34.6
2021-11-14 09:26:02,21.3,34.6
2021-11-14 09:26:50,21.3,34.6
2021-11-14 09:26:52,21.3,34.6
2021-11-14 09:27:38,21.3,34.5
2021-11-14 09:28:26,21.2,34.5
2021-11-14 09:29:14,21.2,34.5
2021-11-14 09:30:02,21.2,34.4
2021-11-14 09:30:50,21.2,34.3
2021-11-14 09:31:38,21.2,34.3
2021-11-14 09:32:26,21.2,34.3
2021-11-14 09:33:14,21.2,34.2
2021-11-14 09:34:02,21.3,34.2
2021-11-14 09:34:50,21.3,34.2
2021-11-14 09:35:39,21.3,34.2
2021-11-14 09:36:27,21.3,34.2
2021-11-14 09:37:15,21.3,34.3
2021-11-14 09:38:03,21.3,34.3
2021-11-14 09:38:44,21.3,34.3
2021-11-14 09:38:50,21.3,34.3
2021-11-14 09:38:51,21.3,34.4
2021-11-14 09:39:39,21.3,34.5
2021-11-14 09:40:26,21.3,34.5
2021-11-14 09:41:14,21.3,34.6
2021-11-14 09:42:02,21.3,34.6
2021-11-14 09:42:50,21.3,34.6
2021-11-14 09:43:38,21.3,34.6
2021-11-14 09:44:26,21.3,34.6
2021-11-14 09:45:14,21.3,34.6
2021-11-14 09:46:02,21.3,34.6
2021-11-14 09:46:50,21.3,34.6
2021-11-14 09:47:38,21.3,34.5
2021-11-14 09:48:26,21.3,34.5
2021-11-14 09:49:14,21.4,34.5
2021-11-14 09:50:02,21.4,34.4
2021-11-14 09:50:50,21.4,34.4
2021-11-14 09:51:39,21.4,34.3
2021-11-14 09:52:27,21.4,34.3
2021-11-14 09:53:15,21.5,34.3
2021-11-14 09:54:03,21.5,34.3
2021-11-14 09:54:51,21.5,34.3
2021-11-14 09:55:38,21.5,34.4
2021-11-14 09:56:26,21.5,34.5
2021-11-14 09:57:14,21.5,34.5
2021-11-14 09:58:02,21.5,34.6
2021-11-14 09:58:50,21.5,34.6
2021-11-14 09:59:38,21.5,34.6
2021-11-14 10:00:26,21.5,34.7
2021-11-14 10:01:14,21.5,34.7
2021-11-14 10:02:02,21.5,34.7
2021-11-14 10:02:50,21.5,34.7
2021-11-14 10:03:38,21.5,34.6
2021-11-14 10:04:26,21.5,34.6
2021-11-14 10:05:14,21.5,34.6
2021-11-14 10:06:02,21.5,34.6
2021-11-14 10:06:50,21.5,34.5
2021-11-14 10:07:39,21.5,34.5
2021-11-14 10:08:27,21.5,34.5
2021-11-14 10:09:15,21.5,34.4
2021-11-14 10:10:03,21.5,34.3
2021-11-14 10:10:50,21.5,34.3
2021-11-14 10:11:38,21.5,34.3
2021-11-14 10:12:26,21.5,34.3
2021-11-14 10:13:14,21.5,34.3
2021-11-14 10:14:02,21.5,34.3
2021-11-14 10:14:50,21.5,34.3
2021-11-14 10:15:38,21.5,34.5
2021-11-14 10:16:26,21.5,34.5
2021-11-14 10:17:14,21.5,34.6
2021-11-14 10:18:02,21.5,34.6
2021-11-14 10:18:50,21.5,34.7
2021-11-14 10:19:38,21.5,34.7
2021-11-14 10:20:26,21.5,34.7
2021-11-14 10:21:14,21.5,34.7
2021-11-14 10:22:02,21.4,34.7
2021-11-14 10:22:50,21.4,34.7
2021-11-14 10:23:39,21.5,34.6
2021-11-14 10:24:27,21.4,34.6
2021-11-14 10:25:14,21.5,34.6
2021-11-14 10:26:02,21.5,34.6
2021-11-14 10:26:50,21.4,34.5
2021-11-14 10:27:38,21.4,34.5
2021-11-14 10:28:26,21.4,34.4
2021-11-14 10:29:14,21.4,34.3
2021-11-14 10:30:02,21.4,34.3
2021-11-14 10:30:50,21.4,34.3
2021-11-14 10:31:38,21.4,34.2
2021-11-14 10:32:26,21.4,34.2
2021-11-14 10:33:14,21.4,34.3
2021-11-14 10:34:02,21.4,34.3
2021-11-14 10:34:50,21.4,34.4
2021-11-14 10:35:38,21.3,34.5
2021-11-14 10:36:08,21.3,34.5
2021-11-14 10:36:21,21.3,34.5
2021-11-14 10:36:26,21.3,34.5
2021-11-14 10:36:59,21.3,34.5
2021-11-14 10:37:14,21.3,34.6
2021-11-14 10:38:02,21.3,34.6
2021-11-14 10:38:51,21.3,34.6
2021-11-14 10:39:29,21.3,34.6
2021-11-14 10:39:39,21.3,34.6
2021-11-14 10:40:26,21.3,34.6
2021-11-14 10:41:14,21.3,34.6
2021-11-14 10:42:02,21.3,34.6
2021-11-14 10:42:50,21.3,34.5
2021-11-14 10:43:38,21.3,34.5
2021-11-14 10:44:26,21.3,34.5
2021-11-14 10:45:14,21.3,34.4
2021-11-14 10:46:02,21.3,34.3
2021-11-14 10:46:29,21.3,34.3
2021-11-14 10:46:50,21.3,34.3
2021-11-14 10:46:52,21.3,34.3
2021-11-14 10:47:38,21.3,34.3
2021-11-14 10:48:01,21.3,34.3
2021-11-14 10:48:26,21.3,34.3
2021-11-14 10:49:14,21.3,34.2
2021-11-14 10:50:02,21.4,34.2
2021-11-14 10:50:50,21.4,34.2
2021-11-14 10:51:38,21.4,34.2
2021-11-14 10:52:26,21.3,34.3
2021-11-14 10:53:14,21.3,34.3
2021-11-14 10:54:02,21.3,34.4
2021-11-14 10:54:50,21.3,34.4
2021-11-14 10:55:38,21.3,34.5
2021-11-14 10:56:26,21.3,34.5
2021-11-14 10:57:14,21.3,34.5
2021-11-14 10:58:02,21.3,34.6
2021-11-14 10:58:50,21.3,34.6
2021-11-14 10:59:38,21.3,34.6
2021-11-14 11:00:26,21.3,34.5
2021-11-14 11:01:14,21.3,34.5
2021-11-14 11:02:02,21.2,34.5
2021-11-14 11:02:50,21.3,34.5
2021-11-14 11:03:38,21.2,34.4
2021-11-14 11:04:26,21.2,34.3
2021-11-14 11:05:14,21.2,34.3
2021-11-14 11:06:02,21.2,34.2
2021-11-14 11:06:50,21.2,34.2
2021-11-14 11:07:38,21.2,34.1
2021-11-14 11:08:26,21.2,34.1
2021-11-14 11:09:14,21.2,34.1
2021-11-14 11:10:01,21.2,34.2
2021-11-14 11:10:50,21.3,34.3
2021-11-14 11:11:38,21.3,34.4
2021-11-14 11:12:26,21.3,34.5
2021-11-14 11:13:14,21.3,34.6
2021-11-14 11:14:02,21.3,34.6
2021-11-14 11:14:50,21.3,34.8
2021-11-14 11:15:06,21.3,34.8
2021-11-14 11:15:38,21.3,34.8
2021-11-14 11:16:26,21.2,34.8
2021-11-14 11:17:10,21.2,34.8
2021-11-14 11:17:14,21.2,34.8
2021-11-14 11:18:02,21.2,34.8
2021-11-14 11:18:50,21.2,34.8
2021-11-14 11:19:38,21.2,34.8
2021-11-14 11:20:26,21.2,34.8
2021-11-14 11:20:31,21.2,34.8
2021-11-14 11:21:14,21.2,34.7
2021-11-14 11:22:02,21.2,34.7
2021-11-14 11:22:50,21.3,34.6
2021-11-14 11:23:38,21.3,34.6
2021-11-14 11:24:25,21.3,34.6
2021-11-14 11:25:13,21.3,34.5
2021-11-14 11:26:01,21.3,34.5
2021-11-14 11:26:50,21.3,34.5
2021-11-14 11:27:38,21.3,34.4
2021-11-14 11:28:26,21.3,34.4
2021-11-14 11:29:14,21.3,34.4
2021-11-14 11:30:02,21.3,34.3
2021-11-14 11:30:50,21.4,34.3
2021-11-14 11:31:38,21.4,34.3
2021-11-14 11:32:23,21.4,34.3
2021-11-14 11:32:26,21.4,34.4
2021-11-14 11:33:14,21.4,34.4
2021-11-14 11:34:02,21.4,34.5
2021-11-14 11:34:50,21.4,34.5
2021-11-14 11:35:38,21.4,34.6
2021-11-14 11:36:26,21.4,34.6
2021-11-14 11:37:14,21.4,34.6
2021-11-14 11:38:02,21.4,34.6
2021-11-14 11:38:50,21.4,34.6
2021-11-14 11:39:37,21.4,34.6
2021-11-14 11:40:14,21.4,34.6
2021-11-14 11:40:25,21.4,34.6
2021-11-14 11:41:13,21.4,34.6
2021-11-14 11:41:24,21.4,34.6
2021-11-14 11:42:02,21.4,34.6
2021-11-14 11:42:50,21.4,34.5
2021-11-14 11:43:38,21.4,34.5
2021-11-14 11:44:26,21.4,34.5
2021-11-14 11:45:14,21.4,34.4
2021-11-14 11:45:49,21.4,34.4
2021-11-14 11:46:02,21.4,34.3
2021-11-14 11:46:50,21.4,34.3
2021-11-14 11:47:38,21.4,34.3
2021-11-14 11:48:26,21.4,34.3
2021-11-14 11:49:14,21.4,34.2
2021-11-14 11:50:02,21.4,34.2
2021-11-14 11:50:50,21.4,34.2
2021-11-14 11:51:38,21.4,34.2
2021-11-14 11:52:18,21.4,34.2
2021-11-14 11:52:26,21.4,34.3
2021-11-14 11:53:14,21.4,34.3
2021-11-14 11:54:01,21.4,34.4
2021-11-14 11:54:12,21.4,34.4
2021-11-14 11:54:49,21.4,34.5
2021-11-14 11:55:37,21.4,34.5
2021-11-14 11:56:21,21.4,34.5
2021-11-14 11:56:25,21.4,34.6
2021-11-14 11:57:13,21.4,34.6
2021-11-14 11:57:18,21.4,34.6
2021-11-14 11:57:40,21.4,34.6
2021-11-14 11:58:02,21.4,34.6
2021-11-14 11:58:50,21.4,34.6
2021-11-14 11:59:05,21.4,34.6
2021-11-14 11:59:38,21.4,34.6
2021-11-14 12:00:26,21.3,34.6
2021-11-14 12:01:14,21.4,34.6
2021-11-14 12:02:02,21.4,34.6
2021-11-14 12:02:50,21.3,34.6
2021-11-14 12:03:38,21.4,34.5
2021-11-14 12:04:26,21.4,34.5
2021-11-14 12:05:14,21.3,34.4
2021-11-14 12:05:27,21.3,34.4
2021-11-14 12:06:02,21.3,34.3
2021-11-14 12:06:50,21.3,34.3
2021-11-14 12:07:38,21.3,34.2
2021-11-14 12:08:26,21.3,34.1
2021-11-14 12:09:13,21.3,34.1
2021-11-14 12:10:01,21.3,34.1
2021-11-14 12:10:49,21.3,34.1
2021-11-14 12:11:37,21.3,34.1
2021-11-14 12:12:25,21.3,34.1
2021-11-14 12:13:13,21.3,34.2
2021-11-14 12:14:02,21.3,34.3
2021-11-14 12:14:50,21.3,34.3
2021-11-14 12:15:38,21.4,34.4
2021-11-14 12:16:26,21.4,34.4
2021-11-14 12:17:14,21.3,34.5
2021-11-14 12:18:02,21.3,34.5
2021-11-14 12:18:50,21.3,34.5
2021-11-14 12:19:38,21.3,34.5
2021-11-14 12:20:26,21.3,34.4
2021-11-14 12:21:14,21.3,34.4
2021-11-14 12:22:02,21.3,34.4
2021-11-14 12:22:50,21.3,34.3
2021-11-14 12:23:38,21.3,34.3
2021-11-14 12:24:25,21.3,34.3
2021-11-14 12:25:13,21.3,34.2
2021-11-14 12:26:01,21.3,34.1
2021-11-14 12:26:49,21.3,34.1
2021-11-14 12:27:37,21.3,34.0
2021-11-14 12:28:25,21.2,34.0
2021-11-14 12:29:13,21.2,34.0
2021-11-14 12:30:02,21.1,34.0
2021-11-14 12:30:50,21.1,34.0
2021-11-14 12:31:38,21.1,34.0
2021-11-14 12:32:26,21.1,34.1
2021-11-14 12:33:14,21.1,34.1
2021-11-14 12:34:02,21.1,34.2
2021-11-14 12:34:50,21.1,34.3
2021-11-14 12:35:09,21.1,34.3
2021-11-14 12:35:38,21.1,34.3
2021-11-14 12:36:26,21.1,34.4
2021-11-14 12:37:14,21.1,34.4
2021-11-14 12:38:02,21.1,34.4
2021-11-14 12:38:50,21.1,34.4
2021-11-14 12:39:37,21.1,34.4
2021-11-14 12:39:52,21.1,34.4
2021-11-14 12:40:25,21.1,34.4
2021-11-14 12:41:13,21.1,34.3
2021-11-14 12:42:01,21.1,34.3
2021-11-14 12:42:49,21.1,34.3
2021-11-14 12:43:37,21.1,34.2
2021-11-14 12:44:25,21.1,34.1
2021-11-14 12:45:13,21.1,34.1
2021-11-14 12:46:01,21.1,34.1
2021-11-14 12:46:27,21.1,34.1
2021-11-14 12:46:50,21.1,34.0
2021-11-14 12:47:38,21.1,34.0
2021-11-14 12:48:26,21.2,34.0
2021-11-14 12:49:14,21.1,34.0
2021-11-14 12:50:02,21.2,34.0
2021-11-14 12:50:50,21.1,34.1
2021-11-14 12:51:38,21.1,34.1
2021-11-14 12:52:26,21.2,34.2
2021-11-14 12:53:14,21.1,34.3
2021-11-14 12:54:02,21.1,34.3
2021-11-14 12:54:11,21.1,34.3
2021-11-14 12:54:50,21.2,34.3
2021-11-14 12:55:37,21.2,34.5
2021-11-14 12:56:25,21.2,34.5
2021-11-14 12:57:13,21.2,34.5
2021-11-14 12:58:01,21.1,34.4
2021-11-14 12:58:49,21.1,34.3
2021-11-14 12:59:37,21.1,34.3
2021-11-14 12:59:51,21.1,34.3
2021-11-14 13:00:25,21.1,34.3
2021-11-14 13:01:13,21.1,34.2
2021-11-14 13:02:01,21.1,34.1
2021-11-14 13:02:49,21.1,34.1
2021-11-14 13:03:38,21.1,34.0
2021-11-14 13:04:26,21.2,34.0
2021-11-14 13:05:14,21.2,34.0
2021-11-14 13:06:02,21.2,34.0
2021-11-14 13:06:50,21.2,34.0
2021-11-14 13:07:38,21.3,34.0
2021-11-14 13:08:26,21.3,34.1
2021-11-14 13:09:14,21.3,34.1
2021-11-14 13:10:02,21.3,34.2
2021-11-14 13:10:49,21.3,34.3
2021-11-14 13:11:37,21.3,34.3
2021-11-14 13:12:25,21.3,34.4
2021-11-14 13:13:13,21.3,34.5
2021-11-14 13:14:01,21.3,34.5
2021-11-14 13:14:49,21.4,34.5
2021-11-14 13:15:37,21.4,34.5
2021-11-14 13:16:25,21.3,34.4
2021-11-14 13:17:13,21.4,34.4
2021-11-14 13:18:01,21.3,34.3
2021-11-14 13:18:49,21.3,34.3
2021-11-14 13:19:37,21.4,34.3
2021-11-14 13:20:26,21.3,34.3
2021-11-14 13:21:14,21.3,34.2
2021-11-14 13:22:02,21.3,34.1
2021-11-14 13:22:50,21.3,34.1
2021-11-14 13:23:38,21.4,34.1
2021-11-14 13:24:26,21.3,34.0
2021-11-14 13:25:14,21.3,34.0
2021-11-14 13:26:02,21.3,34.0
2021-11-14 13:26:49,21.3,34.0
2021-11-14 13:27:10,21.3,34.0
2021-11-14 13:27:37,21.3,34.0
2021-11-14 13:28:25,21.3,34.0
2021-11-14 13:29:13,21.3,34.1
2021-11-14 13:30:01,21.3,34.1
2021-11-14 13:30:49,21.3,34.2
2021-11-14 13:31:37,21.3,34.3
2021-11-14 13:32:25,21.4,34.3
2021-11-14 13:33:13,21.3,34.3
2021-11-14 13:34:01,21.3,34.4
2021-11-14 13:34:49,21.3,34.4
2021-11-14 13:35:37,21.3,34.4
2021-11-14 13:36:26,21.3,34.4
2021-11-14 13:37:02,21.3,34.4
2021-11-14 13:37:14,21.3,34.3
2021-11-14 13:38:02,21.3,34.3
2021-11-14 13:38:50,21.3,34.3
2021-11-14 13:39:38,21.4,34.3
2021-11-14 13:40:26,21.4,34.3
2021-11-14 13:41:14,21.5,34.2
2021-11-14 13:42:01,21.5,34.2
2021-11-14 13:42:49,21.5,34.1
2021-11-14 13:43:37,21.5,34.1
2021-11-14 13:43:59,21.5,34.1
2021-11-14 13:44:25,21.5,34.1
2021-11-14 13:45:13,21.5,34.0
2021-11-14 13:45:38,21.5,34.0
2021-11-14 13:46:01,21.4,34.0
2021-11-14 13:46:49,21.5,34.0
2021-11-14 13:47:16,21.5,34.0
2021-11-14 13:47:37,21.5,34.0
2021-11-14 13:48:25,21.5,34.1
2021-11-14 13:49:13,21.4,34.1
2021-11-14 13:49:42,21.4,34.1
2021-11-14 13:50:01,21.4,34.2
2021-11-14 13:50:49,21.5,34.3
2021-11-14 13:51:37,21.5,34.3
2021-11-14 13:52:25,21.4,34.4
2021-11-14 13:53:14,21.4,34.4
2021-11-14 13:54:02,21.5,34.5
2021-11-14 13:54:50,21.5,34.5
2021-11-14 13:55:38,21.5,34.5
2021-11-14 13:56:26,21.5,34.5
2021-11-14 13:57:13,21.5,34.4
2021-11-14 13:58:01,21.4,34.4
2021-11-14 13:58:49,21.4,34.4
2021-11-14 13:59:37,21.4,34.3
2021-11-14 14:00:25,21.4,34.3
2021-11-14 14:01:13,21.4,34.3
2021-11-14 14:01:30,21.4,34.3
2021-11-14 14:02:01,21.4,34.2
2021-11-14 14:02:49,21.4,34.1
2021-11-14 14:03:37,21.3,34.1
2021-11-14 14:04:25,21.3,34.1
2021-11-14 14:05:13,21.3,34.0
2021-11-14 14:06:01,21.3,34.0
2021-11-14 14:06:49,21.3,34.0
2021-11-14 14:07:37,21.3,34.0
2021-11-14 14:08:25,21.3,34.0
2021-11-14 14:09:14,21.3,34.0
2021-11-14 14:10:02,21.3,34.0
2021-11-14 14:10:50,21.3,34.1
2021-11-14 14:11:38,21.3,34.1
2021-11-14 14:12:25,21.3,34.2
2021-11-14 14:13:13,21.3,34.3
2021-11-14 14:14:01,21.3,34.3
2021-11-14 14:14:49,21.3,34.3
2021-11-14 14:15:37,21.2,34.3
2021-11-14 14:16:25,21.2,34.3
2021-11-14 14:17:13,21.2,34.3
2021-11-14 14:18:01,21.2,34.3
2021-11-14 14:18:49,21.2,34.2
2021-11-14 14:19:37,21.2,34.1
2021-11-14 14:20:25,21.2,34.1
2021-11-14 14:21:13,21.1,34.1
2021-11-14 14:22:01,21.2,34.0
2021-11-14 14:22:49,21.1,34.0
2021-11-14 14:23:37,21.2,33.9
2021-11-14 14:24:25,21.1,33.9
2021-11-14 14:25:14,21.1,33.9
2021-11-14 14:26:02,21.1,33.9
2021-11-14 14:26:50,21.1,33.9
2021-11-14 14:27:37,21.1,34.0
2021-11-14 14:28:25,21.2,34.0
2021-11-14 14:29:13,21.2,34.1
2021-11-14 14:30:01,21.2,34.1
2021-11-14 14:30:49,21.2,34.2
2021-11-14 14:31:37,21.1,34.2
2021-11-14 14:32:25,21.0,34.2
2021-11-14 14:33:13,21.1,34.2
2021-11-14 14:34:01,21.1,34.3
2021-11-14 14:34:49,21.1,34.3
2021-11-14 14:35:37,21.1,34.3
2021-11-14 14:36:25,21.1,34.3
2021-11-14 14:37:13,21.1,34.3
2021-11-14 14:38:01,21.1,34.3
2021-11-14 14:38:49,21.1,34.3
2021-11-14 14:39:37,21.2,34.3
2021-11-14 14:40:25,21.2,34.3
2021-11-14 14:41:14,21.1,34.2
2021-11-14 14:42:02,21.2,34.2
2021-11-14 14:42:49,21.2,34.1
2021-11-14 14:43:37,21.2,34.1
2021-11-14 14:44:08,21.2,34.1
2021-11-14 14:44:25,21.2,34.1
2021-11-14 14:45:13,21.2,34.0
2021-11-14 14:45:23,21.2,34.0
2021-11-14 14:46:01,21.2,34.0
2021-11-14 14:46:49,21.2,34.0
2021-11-14 14:47:37,21.2,34.0
2021-11-14 14:48:25,21.2,34.0
2021-11-14 14:49:13,21.2,34.0
2021-11-14 14:50:01,21.2,34.1
2021-11-14 14:50:49,21.2,34.1
2021-11-14 14:51:37,21.1,34.2
2021-11-14 14:52:25,21.2,34.3
2021-11-14 14:53:13,21.2,34.3
2021-11-14 14:54:01,21.2,34.3
2021-11-14 14:54:41,21.2,34.3
2021-11-14 14:54:49,21.2,34.3
2021-11-14 14:55:37,21.2,34.3
2021-11-14 14:56:25,21.2,34.3
2021-11-14 14:57:14,21.2,34.3
2021-11-14 14:57:50,21.2,34.3
2021-11-14 14:58:01,21.2,34.3
2021-11-14 14:58:41,21.2,34.3
2021-11-14 14:58:49,21.2,34.3
2021-11-14 14:59:37,21.2,34.3
2021-11-14 15:00:25,21.2,34.3
2021-11-14 15:00:54,21.2,34.3
2021-11-14 15:01:13,21.2,34.1
2021-11-14 15:02:01,21.3,34.1
2021-11-14 15:02:49,21.2,34.1
2021-11-14 15:03:37,21.2,34.1
2021-11-14 15:04:25,21.2,34.0
2021-11-14 15:04:44,21.2,34.0
2021-11-14 15:05:13,21.2,34.0
2021-11-14 15:06:01,21.2,34.0
2021-11-14 15:06:49,21.2,34.0
2021-11-14 15:07:37,21.2,34.0
2021-11-14 15:08:25,21.2,34.0
2021-11-14 15:08:45,21.2,34.0
2021-11-14 15:09:13,21.2,34.1
2021-11-14 15:10:01,21.2,34.1
2021-11-14 15:10:49,21.2,34.2
2021-11-14 15:11:37,21.2,34.3
2021-11-14 15:12:24,21.2,34.3
2021-11-14 15:13:13,21.1,34.3
2021-11-14 15:14:01,21.0,34.3
2021-11-14 15:14:49,21.0,34.3
2021-11-14 15:15:37,21.0,34.3
2021-11-14 15:16:25,21.1,34.3
2021-11-14 15:16:35,21.1,34.3
2021-11-14 15:17:13,21.1,34.3
2021-11-14 15:18:01,21.2,34.3
2021-11-14 15:18:49,21.2,34.3
2021-11-14 15:19:37,21.2,34.3
2021-11-14 15:20:25,21.2,34.3
2021-11-14 15:20:46,21.2,34.3
2021-11-14 15:21:13,21.2,34.3
2021-11-14 15:22:01,21.3,34.3
2021-11-14 15:22:49,21.2,34.2
2021-11-14 15:23:37,21.2,34.1
2021-11-14 15:24:25,21.2,34.1
2021-11-14 15:25:13,21.2,34.1
2021-11-14 15:26:01,21.2,34.1
2021-11-14 15:26:49,21.2,34.1
2021-11-14 15:27:36,21.2,34.1
2021-11-14 15:28:24,21.2,34.1
2021-11-14 15:29:13,21.2,34.3
2021-11-14 15:29:39,21.2,34.3
2021-11-14 15:30:01,21.2,34.3
2021-11-14 15:30:49,21.2,34.4
2021-11-14 15:31:37,21.1,34.5
2021-11-14 15:32:25,21.2,34.5
2021-11-14 15:33:13,21.2,34.5
2021-11-14 15:34:01,21.1,34.5
2021-11-14 15:34:13,21.1,34.5
2021-11-14 15:34:33,21.1,34.5
2021-11-14 15:34:49,21.1,34.5
2021-11-14 15:35:37,21.1,34.5
2021-11-14 15:36:25,21.1,34.5
2021-11-14 15:37:13,21.1,34.5
2021-11-14 15:38:01,21.1,34.5
2021-11-14 15:38:49,21.1,34.4
2021-11-14 15:39:37,21.1,34.4
2021-11-14 15:40:25,21.1,34.3
2021-11-14 15:41:13,21.1,34.3
2021-11-14 15:42:01,21.2,34.3
2021-11-14 15:42:48,21.1,34.3
2021-11-14 15:43:05,21.1,34.3
2021-11-14 15:43:36,21.1,34.2
2021-11-14 15:44:24,21.1,34.2
2021-11-14 15:45:13,21.1,34.1
2021-11-14 15:46:01,21.1,34.1
2021-11-14 15:46:49,21.1,34.1
2021-11-14 15:47:37,21.1,34.0
2021-11-14 15:48:25,21.1,34.1
2021-11-14 15:49:13,21.1,34.1
2021-11-14 15:50:01,21.1,34.1
2021-11-14 15:50:49,21.1,34.1
2021-11-14 15:51:37,21.1,34.2
2021-11-14 15:52:25,21.1,34.3
2021-11-14 15:53:13,21.1,34.3
2021-11-14 15:54:01,21.1,34.4
2021-11-14 15:54:49,21.1,34.4
2021-11-14 15:55:37,21.1,34.4
2021-11-14 15:56:25,21.1,34.5
2021-11-14 15:57:13,21.1,34.5
2021-11-14 15:58:00,21.1,34.4
2021-11-14 15:58:48,21.1,34.4
2021-11-14 15:59:36,21.1,34.4
2021-11-14 16:00:24,21.1,34.3
2021-11-14 16:01:13,21.1,34.3
2021-11-14 16:02:01,21.1,34.3
2021-11-14 16:02:49,21.1,34.3
2021-11-14 16:03:37,21.1,34.2
2021-11-14 16:04:25,21.1,34.2
2021-11-14 16:05:13,21.1,34.1
2021-11-14 16:06:01,21.1,34.1
2021-11-14 16:06:49,21.1,34.1
2021-11-14 16:07:37,21.1,34.0
2021-11-14 16:08:25,21.1,34.0
2021-11-14 16:09:13,21.1,34.0
2021-11-14 16:10:01,21.1,34.0
2021-11-14 16:10:49,21.1,34.0
2021-11-14 16:11:37,21.1,34.0
2021-11-14 16:12:24,21.1,34.1
2021-11-14 16:13:12,21.1,34.1
2021-11-14 16:14:00,21.1,34.2
2021-11-14 16:14:48,21.1,34.3
2021-11-14 16:15:36,21.1,34.3
2021-11-14 16:16:24,21.1,34.3
2021-11-14 16:17:13,21.1,34.4
2021-11-14 16:18:01,21.1,34.4
2021-11-14 16:18:49,21.1,34.5
2021-11-14 16:19:35,21.1,34.5
2021-11-14 16:19:37,21.1,34.4
2021-11-14 16:20:25,21.1,34.4
2021-11-14 16:21:13,21.2,34.4
2021-11-14 16:21:59,21.2,34.4
2021-11-14 16:22:01,21.2,34.3
2021-11-14 16:22:49,21.2,34.3
2021-11-14 16:23:37,21.2,34.3
2021-11-14 16:23:57,21.2,34.3
2021-11-14 16:24:25,21.2,34.3
2021-11-14 16:25:13,21.1,34.2
2021-11-14 16:26:01,21.2,34.1
2021-11-14 16:26:49,21.2,34.1
2021-11-14 16:27:07,21.2,34.1
2021-11-14 16:27:36,21.2,34.1
2021-11-14 16:28:24,21.1,34.1
2021-11-14 16:29:12,21.1,34.0
2021-11-14 16:30:00,21.1,34.1
2021-11-14 16:30:48,21.2,34.1
2021-11-14 16:31:04,21.2,34.1
2021-11-14 16:31:36,21.2,34.1
2021-11-14 16:32:24,21.2,34.1
2021-11-14 16:33:13,21.2,34.2
2021-11-14 16:34:01,21.2,34.3
2021-11-14 16:34:49,21.2,34.4
2021-11-14 16:35:37,21.2,34.5
2021-11-14 16:36:25,21.2,34.5
2021-11-14 16:37:13,21.2,34.5
2021-11-14 16:38:01,21.2,34.5
2021-11-14 16:38:49,21.2,34.5
2021-11-14 16:39:37,21.2,34.5
2021-11-14 16:40:25,21.2,34.5
2021-11-14 16:41:13,21.2,34.4
2021-11-14 16:42:01,21.2,34.4
2021-11-14 16:42:48,21.2,34.3
2021-11-14 16:43:36,21.2,34.3
2021-11-14 16:44:24,21.2,34.3
2021-11-14 16:45:12,21.2,34.2
2021-11-14 16:46:00,21.2,34.1
2021-11-14 16:46:48,21.2,34.1
2021-11-14 16:47:36,21.2,34.1
2021-11-14 16:48:24,21.2,34.1
2021-11-14 16:49:13,21.2,34.1
2021-11-14 16:50:01,21.2,34.1
2021-11-14 16:50:49,21.2,34.1
2021-11-14 16:51:37,21.2,34.2
2021-11-14 16:52:25,21.2,34.3
2021-11-14 16:53:13,21.3,34.3
2021-11-14 16:54:01,21.2,34.3
2021-11-14 16:54:49,21.3,34.4
2021-11-14 16:55:37,21.2,34.5
2021-11-14 16:56:25,21.2,34.5
2021-11-14 16:57:13,21.3,34.5
2021-11-14 16:58:00,21.3,34.5
2021-11-14 16:58:32,21.3,34.5
2021-11-14 16:58:48,21.3,34.5
2021-11-14 16:59:36,21.2,34.5
2021-11-14 17:00:24,21.3,34.4
2021-11-14 17:01:12,21.3,34.4
2021-11-14 17:01:30,21.3,34.4
2021-11-14 17:02:00,21.3,34.3
2021-11-14 17:02:48,21.3,34.3
2021-11-14 17:03:36,21.3,34.3
2021-11-14 17:04:24,21.3,34.2
2021-11-14 17:05:13,21.3,34.2
2021-11-14 17:06:01,21.3,34.1
2021-11-14 17:06:49,21.3,34.1
2021-11-14 17:07:37,21.3,34.1
2021-11-14 17:08:25,21.3,34.1
2021-11-14 17:09:13,21.3,34.1
2021-11-14 17:09:31,21.3,34.1
2021-11-14 17:10:01,21.3,34.1
2021-11-14 17:10:49,21.3,34.2
2021-11-14 17:11:05,21.3,34.2
2021-11-14 17:11:37,21.3,34.3
2021-11-14 17:12:24,21.3,34.3
2021-11-14 17:13:12,21.3,34.4
2021-11-14 17:14:00,21.3,34.5
2021-11-14 17:14:48,21.3,34.5
2021-11-14 17:15:36,21.3,34.5
2021-11-14 17:16:24,21.3,34.5
2021-11-14 17:16:29,21.3,34.5
2021-11-14 17:17:12,21.3,34.5
2021-11-14 17:18:00,21.3,34.5
2021-11-14 17:18:48,21.3,34.5
2021-11-14 17:19:36,21.3,34.4
2021-11-14 17:20:24,21.3,34.4
2021-11-14 17:21:13,21.3,34.4
2021-11-14 17:22:01,21.3,34.3
2021-11-14 17:22:49,21.3,34.3
2021-11-14 17:23:37,21.3,34.3
2021-11-14 17:24:25,21.3,34.2
2021-11-14 17:24:35,21.3,34.2
2021-11-14 17:25:13,21.3,34.1
2021-11-14 17:26:01,21.3,34.1
2021-11-14 17:26:49,21.3,34.1
2021-11-14 17:27:36,21.3,34.1
2021-11-14 17:28:24,21.3,34.1
2021-11-14 17:29:12,21.3,34.1
2021-11-14 17:30:00,21.3,34.2
2021-11-14 17:30:48,21.3,34.3
2021-11-14 17:31:36,21.3,34.4
2021-11-14 17:32:24,21.3,34.5
2021-11-14 17:33:12,21.3,34.5
2021-11-14 17:34:00,21.3,34.5
2021-11-14 17:34:48,21.3,34.6
2021-11-14 17:35:36,21.3,34.6
2021-11-14 17:36:24,21.3,34.6
2021-11-14 17:37:13,21.3,34.6
2021-11-14 17:38:01,21.3,34.5
2021-11-14 17:38:45,21.3,34.5
2021-11-14 17:38:49,21.3,34.5
2021-11-14 17:39:37,21.3,34.5
2021-11-14 17:40:25,21.3,34.5
2021-11-14 17:41:13,21.3,34.5
2021-11-14 17:42:01,21.3,34.4
2021-11-14 17:42:48,21.3,34.4
2021-11-14 17:43:34,21.3,34.4
2021-11-14 17:43:36,21.3,34.3
2021-11-14 17:43:42,21.3,34.3
2021-11-14 17:44:24,21.3,34.3
2021-11-14 17:45:12,21.3,34.3
2021-11-14 17:46:00,21.3,34.3
2021-11-14 17:46:48,21.3,34.2
2021-11-14 17:47:36,21.3,34.1
2021-11-14 17:48:24,21.3,34.1
2021-11-14 17:49:00,21.3,34.1
2021-11-14 17:49:12,21.3,34.1
2021-11-14 17:50:00,21.3,34.2
2021-11-14 17:50:48,21.3,34.2
2021-11-14 17:51:36,21.3,34.3
2021-11-14 17:52:24,21.3,34.3
2021-11-14 17:53:04,21.3,34.3
2021-11-14 17:53:13,21.3,34.4
2021-11-14 17:54:01,21.3,34.5
2021-11-14 17:54:49,21.3,34.5
2021-11-14 17:55:37,21.3,34.5
2021-11-14 17:56:00,21.3,34.5
2021-11-14 17:56:25,21.3,34.5
2021-11-14 17:57:13,21.3,34.5
2021-11-14 17:58:00,21.3,34.5
2021-11-14 17:58:48,21.3,34.5
2021-11-14 17:59:36,21.3,34.5
2021-11-14 18:00:24,21.3,34.4
2021-11-14 18:01:12,21.3,34.4
2021-11-14 18:02:00,21.3,34.4
2021-11-14 18:02:48,21.3,34.3
2021-11-14 18:03:36,21.3,34.3
2021-11-14 18:04:24,21.3,34.2
2021-11-14 18:05:12,21.3,34.1
2021-11-14 18:06:00,21.3,34.1
2021-11-14 18:06:48,21.3,34.1
2021-11-14 18:07:36,21.3,34.1
2021-11-14 18:08:24,21.3,34.1
2021-11-14 18:09:13,21.3,34.1
2021-11-14 18:10:01,21.3,34.2
2021-11-14 18:10:49,21.3,34.3
2021-11-14 18:11:37,21.3,34.3
2021-11-14 18:12:25,21.3,34.4
2021-11-14 18:13:12,21.3,34.5
2021-11-14 18:13:35,21.3,34.5
2021-11-14 18:14:00,21.3,34.5
2021-11-14 18:14:48,21.3,34.5
2021-11-14 18:15:36,21.3,34.5
2021-11-14 18:16:24,21.3,34.5
2021-11-14 18:17:12,21.3,34.5
2021-11-14 18:18:00,21.3,34.5
2021-11-14 18:18:48,21.3,34.5
2021-11-14 18:19:36,21.3,34.5
2021-11-14 18:20:24,21.3,34.4
2021-11-14 18:21:12,21.3,34.4
2021-11-14 18:22:00,21.3,34.3
2021-11-14 18:22:48,21.3,34.3
2021-11-14 18:23:36,21.3,34.3
2021-11-14 18:24:24,21.3,34.2
2021-11-14 18:25:13,21.3,34.2
2021-11-14 18:26:01,21.3,34.1
2021-11-14 18:26:49,21.3,34.1
2021-11-14 18:27:36,21.3,34.1
2021-11-14 18:28:24,21.4,34.2
2021-11-14 18:29:12,21.4,34.3
2021-11-14 18:29:49,21.4,34.3
2021-11-14 18:30:00,21.3,34.3
2021-11-14 18:30:48,21.3,34.4
2021-11-14 18:31:36,21.3,34.5
2021-11-14 18:32:24,21.3,34.5
2021-11-14 18:33:12,21.3,34.6
2021-11-14 18:34:00,21.4,34.6
2021-11-14 18:34:48,21.4,34.6
2021-11-14 18:35:36,21.4,34.6
2021-11-14 18:36:24,21.4,34.6
2021-11-14 18:37:12,21.4,34.6
2021-11-14 18:38:00,21.4,34.6
2021-11-14 18:38:48,21.4,34.6
2021-11-14 18:39:36,21.4,34.6
2021-11-14 18:40:24,21.4,34.5
2021-11-14 18:41:13,21.4,34.5
2021-11-14 18:42:01,21.4,34.5
2021-11-14 18:42:45,21.4,34.5
2021-11-14 18:42:48,21.4,34.5
2021-11-14 18:43:36,21.4,34.4
2021-11-14 18:44:24,21.3,34.3
2021-11-14 18:45:12,21.4,34.3
2021-11-14 18:46:00,21.4,34.3
2021-11-14 18:46:13,21.4,34.3
2021-11-14 18:46:48,21.3,34.3
2021-11-14 18:47:36,21.3,34.2
2021-11-14 18:48:24,21.4,34.2
2021-11-14 18:49:12,21.3,34.2
2021-11-14 18:50:00,21.3,34.3
2021-11-14 18:50:48,21.4,34.3
2021-11-14 18:51:36,21.4,34.4
2021-11-14 18:52:24,21.4,34.5
2021-11-14 18:53:12,21.4,34.5
2021-11-14 18:54:00,21.4,34.6
2021-11-14 18:54:48,21.4,34.6
2021-11-14 18:55:36,21.4,34.6
2021-11-14 18:56:24,21.4,34.6
2021-11-14 18:56:58,21.4,34.6
2021-11-14 18:57:13,21.4,34.6
2021-11-14 18:58:00,21.4,34.6
2021-11-14 18:58:48,21.4,34.6
2021-11-14 18:59:36,21.4,34.6
2021-11-14 19:00:24,21.5,34.6
2021-11-14 19:01:12,21.4,34.5
2021-11-14 19:02:00,21.4,34.5
2021-11-14 19:02:48,21.4,34.5
2021-11-14 19:03:36,21.4,34.4
2021-11-14 19:04:24,21.4,34.4
2021-11-14 19:05:12,21.5,34.4
2021-11-14 19:06:00,21.5,34.3
2021-11-14 19:06:48,21.4,34.3
2021-11-14 19:07:36,21.4,34.3
2021-11-14 19:08:24,21.4,34.2
2021-11-14 19:09:12,21.4,34.2
2021-11-14 19:10:00,21.4,34.2
2021-11-14 19:10:48,21.4,34.3
2021-11-14 19:11:36,21.4,34.3
2021-11-14 19:12:24,21.4,34.4
2021-11-14 19:14:00,21.5,34.5
2021-11-14 19:14:48,21.4,34.6
2021-11-14 19:15:36,21.4,34.6
2021-11-14 19:16:24,21.4,34.6
2021-11-14 19:17:12,21.4,34.6
2021-11-14 19:18:00,21.4,34.6
2021-11-14 19:18:48,21.5,34.6
2021-11-14 19:19:36,21.5,34.6
2021-11-14 19:20:24,21.5,34.6
2021-11-14 19:21:12,21.5,34.6
2021-11-14 19:22:00,21.5,34.6
2021-11-14 19:22:48,21.5,34.5
2021-11-14 19:23:36,21.5,34.5
2021-11-14 19:24:24,21.5,34.5
2021-11-14 19:25:12,21.5,34.5
2021-11-14 19:25:15,21.5,34.5
2021-11-14 19:26:00,21.5,34.4
2021-11-14 19:26:48,21.5,34.3
2021-11-14 19:27:35,21.5,34.3
2021-11-14 19:28:23,21.5,34.3
2021-11-14 19:29:11,21.5,34.3
2021-11-14 19:29:12,21.5,34.2
2021-11-14 19:30:00,21.5,34.2
2021-11-14 19:30:48,21.4,34.2
2021-11-14 19:31:36,21.4,34.2
2021-11-14 19:32:24,21.4,34.3
2021-11-14 19:33:12,21.4,34.3
2021-11-14 19:34:00,21.4,34.4
2021-11-14 19:34:48,21.4,34.5
2021-11-14 19:35:36,21.4,34.5
2021-11-14 19:36:24,21.4,34.6
2021-11-14 19:37:12,21.4,34.6
2021-11-14 19:38:00,21.5,34.6
2021-11-14 19:38:48,21.5,34.6
2021-11-14 19:39:36,21.5,34.6
2021-11-14 19:40:24,21.5,34.6
2021-11-14 19:41:12,21.5,34.6
2021-11-14 19:42:00,21.5,34.6
2021-11-14 19:42:47,21.5,34.5
2021-11-14 19:43:35,21.5,34.5
2021-11-14 19:44:23,21.5,34.5
2021-11-14 19:45:12,21.5,34.5
2021-11-14 19:46:00,21.5,34.4
2021-11-14 19:46:48,21.5,34.3
2021-11-14 19:47:36,21.5,34.3
2021-11-14 19:48:24,21.5,34.2
2021-11-14 19:49:12,21.5,34.1
2021-11-14 19:50:00,21.5,34.1
2021-11-14 19:50:48,21.5,34.1
2021-11-14 19:51:36,21.5,34.1
2021-11-14 19:52:24,21.5,34.2
2021-11-14 19:53:12,21.3,34.2
2021-11-14 19:54:00,21.2,34.2
2021-11-14 19:54:48,21.1,34.1
2021-11-14 19:55:36,21.0,34.1
2021-11-14 19:56:24,21.0,34.1
2021-11-14 19:57:11,21.1,34.0
2021-11-14 19:57:59,21.1,34.1
2021-11-14 19:58:47,21.0,34.0
2021-11-14 19:59:35,21.0,34.0
2021-11-14 20:00:24,21.1,34.0
2021-11-14 20:01:04,21.1,34.0
2021-11-14 20:01:12,21.1,34.1
2021-11-14 20:02:00,21.2,34.1
2021-11-14 20:02:16,21.2,34.1
2021-11-14 20:02:48,21.3,34.1
2021-11-14 20:03:36,21.3,34.1
2021-11-14 20:04:24,21.1,33.8
2021-11-14 20:05:12,20.9,33.4
2021-11-14 20:06:00,20.8,32.8
2021-11-14 20:06:48,21.0,32.4
2021-11-14 20:07:12,21.0,32.4
2021-11-14 20:07:36,21.3,32.0
2021-11-14 20:08:24,21.7,31.7
2021-11-14 20:09:12,22.3,31.7
2021-11-14 20:10:00,22.6,31.6
2021-11-14 20:10:48,22.9,31.5
2021-11-14 20:11:36,23.0,31.5
2021-11-14 20:12:23,23.0,31.5
2021-11-14 20:13:11,23.1,31.6
2021-11-14 20:13:20,23.1,31.6
2021-11-14 20:13:53,23.1,31.6
2021-11-14 20:13:59,23.1,31.8
2021-11-14 20:14:47,23.1,32.3
2021-11-14 20:15:35,23.2,32.7
2021-11-14 20:16:24,23.3,33.3
2021-11-14 20:16:25,23.3,33.3
2021-11-14 20:17:12,23.3,34.0
2021-11-14 20:18:00,23.4,35.1
2021-11-14 20:18:48,23.8,36.6
2021-11-14 20:19:36,24.3,38.3
2021-11-14 20:20:24,24.8,39.7
2021-11-14 20:21:12,25.1,40.7
2021-11-14 20:21:41,25.1,40.7
2021-11-14 20:22:00,25.5,41.6
2021-11-14 20:22:48,25.8,42.3
2021-11-14 20:23:36,26.3,42.9
2021-11-14 20:24:24,26.8,43.5
2021-11-14 20:25:12,27.3,43.8
2021-11-14 20:26:00,27.8,44.0
2021-11-14 20:26:48,28.5,44.1
2021-11-14 20:27:35,29.2,44.0
2021-11-14 20:28:23,30.1,43.8
2021-11-14 20:29:11,31.1,43.5
2021-11-14 20:29:59,32.2,43.1
2021-11-14 20:30:47,33.3,42.9
2021-11-14 20:31:35,34.5,42.8
2021-11-14 20:32:24,35.3,42.6
2021-11-14 20:33:12,35.7,42.6
2021-11-14 20:34:00,35.9,42.4
2021-11-14 20:34:48,35.6,42.3
2021-11-14 20:35:36,35.4,42.3
2021-11-14 20:36:04,35.4,42.3
2021-11-14 20:36:24,35.2,42.5
2021-11-14 20:37:12,36.0,43.0
2021-11-14 20:38:00,35.9,43.3
2021-11-14 20:38:48,34.8,43.1
2021-11-14 20:39:36,34.1,42.9
2021-11-14 20:40:24,33.9,42.9
2021-11-14 20:41:12,34.0,43.0
2021-11-14 20:41:59,34.3,43.1
2021-11-14 20:42:47,34.6,43.3
2021-11-14 20:43:35,35.0,43.4
2021-11-14 20:44:23,34.8,43.1
2021-11-14 20:45:11,34.3,42.7
2021-11-14 20:45:59,34.5,42.6
2021-11-14 20:46:47,35.0,42.6
2021-11-14 20:47:35,36.1,42.9
2021-11-14 20:50:48,38.6,43.3
2021-11-14 20:51:36,38.6,43.1
2021-11-14 20:52:24,38.4,43.1
2021-11-14 20:53:15,38.1,43.1
2021-11-14 20:54:00,38.0,43.1
2021-11-14 20:54:33,38.0,43.1
2021-11-14 20:54:48,38.0,43.1
2021-11-14 20:55:36,37.9,43.2
2021-11-14 20:56:24,37.6,43.3
2021-11-14 20:57:12,37.8,43.3
2021-11-14 20:57:15,37.8,43.3
2021-11-14 20:58:00,37.4,43.1
2021-11-14 20:58:47,36.6,43.1
2021-11-14 20:59:35,35.8,42.6
2021-11-14 21:00:23,35.2,42.4
2021-11-14 21:01:11,35.2,42.5
2021-11-14 21:01:59,35.6,42.6
2021-11-14 21:02:47,36.4,43.0
2021-11-14 21:03:35,37.1,43.3
2021-11-14 21:04:23,37.7,43.5
2021-11-14 21:05:11,37.6,43.6
2021-11-14 21:06:00,38.5,43.5
2021-11-14 21:06:48,38.6,43.3
2021-11-14 21:07:36,38.7,43.1
2021-11-14 21:08:24,38.6,42.8
2021-11-14 21:09:12,38.2,42.5
2021-11-14 21:10:00,37.8,42.3
2021-11-14 21:10:48,37.4,42.3
2021-11-14 21:11:36,37.2,42.3
2021-11-14 21:12:24,37.1,42.3
2021-11-14 21:13:12,37.1,42.4
2021-11-14 21:13:59,37.0,42.6
2021-11-14 21:14:47,35.7,42.2
2021-11-14 22:21:59,36.1,43.9
2021-11-14 22:22:47,35.9,43.5
2021-11-14 22:23:35,35.6,43.1
2021-11-14 22:24:23,35.3,42.8
2021-11-14 22:25:11,35.1,42.5
2021-11-14 22:25:59,35.0,42.1
2021-11-14 22:26:48,34.8,41.8
2021-11-14 22:27:36,34.6,41.6
2021-11-14 22:28:24,34.5,41.3
2021-11-14 22:29:12,34.5,41.1
2021-11-14 22:29:59,34.4,41.0
2021-11-14 22:30:47,34.3,40.8
2021-11-14 22:31:35,34.2,40.8
2021-11-14 22:32:23,34.1,40.8
2021-11-14 22:33:11,33.9,40.7
2021-11-14 22:33:59,34.0,40.7
2021-11-14 22:34:47,33.8,40.7
2021-11-14 22:35:35,33.8,40.7
2021-11-14 22:36:23,33.7,40.6
2021-11-14 22:37:11,33.6,40.6
2021-11-14 22:37:59,33.5,40.5
2021-11-14 22:38:47,33.3,40.5
2021-11-14 22:39:35,33.2,40.5
2021-11-14 22:40:23,33.0,40.4
2021-11-14 22:41:11,32.9,40.3
2021-11-14 22:41:59,32.8,40.3
2021-11-14 22:42:48,32.6,40.2
2021-11-14 22:43:36,32.5,40.1
2021-11-14 22:44:24,32.3,40.0
2021-11-14 22:45:11,32.1,39.9
2021-11-14 22:45:59,31.9,39.8
2021-11-14 22:46:47,31.8,39.6
2021-11-14 22:47:35,31.6,39.6
2021-11-14 22:48:23,31.6,39.5
2021-11-14 22:49:11,31.3,39.4
2021-11-14 22:49:59,31.1,39.3
2021-11-14 22:50:47,30.9,39.2
2021-11-14 22:51:35,30.7,39.1
2021-11-14 22:52:23,30.5,39.0
2021-11-14 22:53:11,30.3,38.9
2021-11-14 22:53:59,30.1,38.8
2021-11-14 22:54:47,30.0,38.8
2021-11-14 22:55:35,29.8,38.6
2021-11-14 22:56:23,29.6,38.6
2021-11-14 22:57:11,29.5,38.5
2021-11-14 22:57:59,29.3,38.5
2021-11-14 22:58:02,29.3,38.5
2021-11-14 22:58:48,29.2,38.4
2021-11-14 22:59:35,29.7,38.3
2021-11-14 23:00:23,28.9,38.2
2021-11-14 23:01:11,28.8,38.1
2021-11-14 23:01:59,28.6,38.0
2021-11-14 23:02:47,28.5,37.9
2021-11-14 23:03:35,28.3,37.8
2021-11-14 23:04:23,28.1,37.7
2021-11-14 23:05:11,28.0,37.6
2021-11-14 23:05:59,27.8,37.5
2021-11-14 23:06:47,27.6,37.5
2021-11-14 23:07:35,27.3,37.3
2021-11-14 23:08:23,27.1,37.2
2021-11-14 23:09:11,27.0,37.1
2021-11-14 23:09:28,27.0,37.1
2021-11-14 23:09:59,26.6,37.0
2021-11-14 23:10:47,26.5,36.8
2021-11-14 23:11:35,26.3,36.8
2021-11-14 23:12:23,26.1,36.6
2021-11-14 23:13:11,25.9,36.5
2021-11-14 23:13:59,25.7,36.5
2021-11-14 23:14:47,25.6,36.3
2021-11-14 23:15:35,25.5,36.3
2021-11-14 23:16:00,25.5,36.3
2021-11-14 23:16:23,25.3,36.2
2021-11-14 23:17:11,25.2,36.1
2021-11-14 23:17:59,25.1,36.1
2021-11-14 23:18:47,25.0,36.0
2021-11-14 23:19:07,25.0,36.0
2021-11-14 23:19:35,24.8,35.9
2021-11-14 23:20:23,24.7,35.8
2021-11-14 23:21:11,24.6,35.8
2021-11-14 23:21:59,24.5,35.6
2021-11-14 23:22:47,24.3,35.5
2021-11-14 23:23:35,24.2,35.5
2021-11-14 23:24:23,24.1,35.3
2021-11-14 23:25:11,24.0,35.2
2021-11-14 23:25:59,23.8,35.1
2021-11-14 23:26:47,23.7,35.1
2021-11-14 23:27:35,23.6,35.0
2021-11-14 23:28:23,23.5,34.9
2021-11-14 23:29:11,23.5,34.8
2021-11-14 23:29:23,23.5,34.8
2021-11-14 23:29:58,23.6,34.7
2021-11-14 23:30:47,23.8,34.8
2021-11-14 23:31:35,24.0,34.8
2021-11-14 23:32:23,24.1,34.9
2021-11-14 23:33:11,24.2,34.9
2021-11-14 23:33:59,24.3,34.9
2021-11-14 23:34:47,24.3,35.0
2021-11-14 23:35:35,24.4,35.1
2021-11-14 23:36:23,24.5,35.3
2021-11-14 23:37:11,24.5,35.4
2021-11-14 23:37:59,24.6,35.6
2021-11-14 23:38:47,24.8,35.8
2021-11-14 23:39:19,24.8,35.8
2021-11-14 23:39:20,24.8,35.8
2021-11-14 23:39:35,24.9,36.0
2021-11-14 23:40:23,25.1,36.1
2021-11-14 23:41:11,25.3,36.2
2021-11-14 23:41:59,25.4,36.3
2021-11-14 23:42:47,25.5,36.4
2021-11-14 23:43:35,25.6,36.5
2021-11-14 23:44:23,25.8,36.6
2021-11-14 23:45:10,25.8,36.6
2021-11-14 23:45:29,25.8,36.6
2021-11-14 23:45:31,25.8,36.6
2021-11-14 23:45:58,26.0,36.6
2021-11-14 23:46:47,26.0,36.7
2021-11-14 23:47:35,26.1,36.8
2021-11-14 23:48:23,26.2,36.8
2021-11-14 23:49:11,26.3,36.9
2021-11-14 23:49:59,26.3,37.0
2021-11-14 23:50:47,26.5,37.3
2021-11-14 23:51:35,26.5,37.8
2021-11-14 23:52:23,27.0,38.5
2021-11-14 23:53:11,27.8,39.2
2021-11-14 23:53:59,29.0,40.1
2021-11-14 23:54:47,30.3,41.0
2021-11-14 23:55:35,31.6,41.8
2021-11-14 23:56:23,32.7,42.4
2021-11-14 23:57:11,33.7,42.8
2021-11-14 23:57:59,34.4,43.0
2021-11-14 23:58:47,35.2,43.1
2021-11-14 23:59:35,36.0,43.2
2021-11-15 00:00:01,36.0,43.2
2021-11-15 00:00:13,36.0,43.2
2021-11-15 00:00:20,36.0,43.2
2021-11-15 00:00:22,36.6,43.2
2021-11-15 00:01:10,37.1,43.3
2021-11-15 00:01:58,37.1,43.2
2021-11-15 00:02:46,36.8,43.0
2021-11-15 00:03:35,36.3,43.0
2021-11-15 00:03:41,36.3,43.0
2021-11-15 00:04:23,36.6,43.5
2021-11-15 00:05:11,36.9,44.0
2021-11-15 00:05:59,36.8,44.4
2021-11-15 00:06:47,36.8,44.6
2021-11-15 00:07:35,36.9,44.8
2021-11-15 00:08:23,37.2,45.0
2021-11-15 00:09:11,37.7,45.2
2021-11-15 00:09:59,38.3,45.5
2021-11-15 00:10:47,38.8,45.7
2021-11-15 00:11:35,39.3,45.9
2021-11-15 00:12:23,39.3,46.0
2021-11-15 00:13:11,39.3,46.1
2021-11-15 00:13:59,40.4,46.1
2021-11-15 00:14:47,40.6,46.1
2021-11-15 00:15:34,40.6,46.3
2021-11-15 00:16:22,41.0,46.3
2021-11-15 00:17:10,41.1,46.4
2021-11-15 00:17:58,41.1,46.5
2021-11-15 00:18:46,41.2,46.5
2021-11-15 00:19:35,41.2,46.6
2021-11-15 00:20:23,41.2,46.7
2021-11-15 00:21:11,41.1,46.8
2021-11-15 00:21:59,41.0,46.9
2021-11-15 00:22:47,40.9,46.8
2021-11-15 00:23:35,40.6,46.8
2021-11-15 00:24:23,40.4,46.7
2021-11-15 00:25:11,40.1,46.6
2021-11-15 00:25:59,39.8,46.4
2021-11-15 00:26:47,39.6,46.2
2021-11-15 00:27:35,39.3,46.2
2021-11-15 00:28:23,39.0,45.8
2021-11-15 00:29:11,38.8,45.6
2021-11-15 00:29:59,38.5,45.3
2021-11-15 00:30:46,38.3,45.1
2021-11-15 00:31:34,38.2,45.0
2021-11-15 00:32:22,38.1,44.9
2021-11-15 00:33:10,38.0,44.8
2021-11-15 00:33:44,38.0,44.8
2021-11-15 00:33:58,38.0,44.6
2021-11-15 00:34:47,38.0,44.6
2021-11-15 00:35:35,37.8,44.5
2021-11-15 00:36:23,37.7,44.4
2021-11-15 00:37:11,37.6,44.3
2021-11-15 00:37:59,37.5,44.1
2021-11-15 00:38:46,37.4,44.0
2021-11-15 00:39:34,37.3,44.0
2021-11-15 00:40:22,37.1,43.8
2021-11-15 00:41:10,37.1,43.6
2021-11-15 00:41:58,37.0,43.5
2021-11-15 00:42:46,36.9,43.3
2021-11-15 00:43:34,36.8,43.1
2021-11-15 00:44:23,36.8,43.0
2021-11-15 00:45:11,36.7,42.8
2021-11-15 00:45:59,36.7,42.6
2021-11-15 00:46:47,36.7,42.5
2021-11-15 00:47:35,36.7,42.4
2021-11-15 00:48:23,36.7,42.4
2021-11-15 00:49:11,36.6,42.2
2021-11-15 00:49:59,36.5,42.1
2021-11-15 00:50:47,36.3,42.0
2021-11-15 00:51:35,36.1,41.9
2021-11-15 00:52:23,35.9,41.8
2021-11-15 00:53:10,35.7,41.8
2021-11-15 00:53:58,35.5,41.8
2021-11-15 00:54:46,35.5,41.8
2021-11-15 00:55:34,35.5,41.8
2021-11-15 00:56:22,35.3,41.8
2021-11-15 00:57:09,35.3,41.8
2021-11-15 00:57:10,35.2,41.9
2021-11-15 00:57:58,35.1,41.9
2021-11-15 00:58:46,35.1,41.9
2021-11-15 00:59:30,35.1,41.9
2021-11-15 00:59:34,35.1,41.8
2021-11-15 01:00:23,35.0,41.8
2021-11-15 01:01:11,35.0,41.8
2021-11-15 01:01:59,34.9,41.8
2021-11-15 01:02:47,34.9,41.8
2021-11-15 01:03:35,35.0,41.8
2021-11-15 01:04:23,34.2,41.5
2021-11-15 01:05:11,33.3,41.0
2021-11-15 01:05:59,32.7,40.7
2021-11-15 01:06:47,32.5,40.5
2021-11-15 01:07:35,32.5,40.5
2021-11-15 01:08:22,32.6,40.5
2021-11-15 01:09:10,32.8,40.5
2021-11-15 01:09:20,32.8,40.5
2021-11-15 01:09:58,33.1,40.5
2021-11-15 01:10:46,33.5,40.6
2021-11-15 01:11:34,33.9,40.6
2021-11-15 01:12:22,34.1,40.6
2021-11-15 01:13:10,34.1,40.5
2021-11-15 01:13:58,34.1,40.3
2021-11-15 01:14:46,34.0,40.4
2021-11-15 01:15:35,33.8,40.5
2021-11-15 01:16:57,34.0,40.6
2021-11-15 01:17:59,34.0,40.7
2021-11-15 01:18:47,34.1,40.8
2021-11-15 01:19:07,34.1,40.8
2021-11-15 01:19:35,34.1,40.8
2021-11-15 01:20:23,34.1,40.9
2021-11-15 01:21:11,34.1,40.9
2021-11-15 01:21:59,34.1,40.9
2021-11-15 01:22:46,34.0,40.9
2021-11-15 01:23:34,33.9,40.9
2021-11-15 01:23:52,33.9,40.9
2021-11-15 01:24:22,33.8,40.8
2021-11-15 01:25:10,33.7,40.8
2021-11-15 01:25:58,33.6,40.7
2021-11-15 01:26:46,33.5,40.6
2021-11-15 01:27:13,33.5,40.6
2021-11-15 01:27:34,33.4,40.6
2021-11-15 01:28:22,33.3,40.5
2021-11-15 01:29:10,33.1,40.5
2021-11-15 01:29:58,33.0,40.3
2021-11-15 01:30:38,33.0,40.3
2021-11-15 01:30:46,33.0,40.3
2021-11-15 01:31:35,32.8,40.3
2021-11-15 01:32:23,32.7,40.1
2021-11-15 01:33:00,32.7,40.1
2021-11-15 01:33:11,32.6,40.0
2021-11-15 01:33:59,32.5,39.9
2021-11-15 01:34:47,32.3,39.8
2021-11-15 01:35:35,32.1,39.7
2021-11-15 01:36:23,32.0,39.6
2021-11-15 01:37:11,32.0,39.5
2021-11-15 01:37:59,31.5,39.3
2021-11-15 01:38:46,31.2,39.1
2021-11-15 01:38:57,31.2,39.1
2021-11-15 01:39:34,31.0,39.0
2021-11-15 01:40:22,30.7,38.8
2021-11-15 01:41:10,30.4,38.6
2021-11-15 01:41:48,30.4,38.6
2021-11-15 01:41:58,30.1,38.4
2021-11-15 01:42:46,29.9,38.3
2021-11-15 01:43:34,29.6,38.1
2021-11-15 01:44:22,29.3,38.0
2021-11-15 01:45:10,29.0,37.8
2021-11-15 01:45:36,29.0,37.8
2021-11-15 01:45:58,28.8,37.7
2021-11-15 01:46:46,28.5,37.6
2021-11-15 01:47:34,28.3,37.5
2021-11-15 01:48:22,28.0,37.4
2021-11-15 01:49:10,27.8,37.3
2021-11-15 01:49:58,27.5,37.1
2021-11-15 01:50:47,27.2,37.0
2021-11-15 01:51:35,27.0,37.0
2021-11-15 01:51:55,27.0,37.0
2021-11-15 01:52:23,26.8,37.0
2021-11-15 01:53:11,26.6,36.8
2021-11-15 01:53:59,26.4,36.8
2021-11-15 01:54:07,26.4,36.8
2021-11-15 01:54:47,26.2,36.7
2021-11-15 01:55:35,26.1,36.6
2021-11-15 01:56:22,26.0,36.6
2021-11-15 01:57:10,25.9,36.6
2021-11-15 01:57:58,25.9,36.5
2021-11-15 01:58:23,25.9,36.5
2021-11-15 01:58:46,25.6,36.5
2021-11-15 01:59:34,25.5,36.4
2021-11-15 02:00:22,25.4,36.3
2021-11-15 02:01:10,25.3,36.3
2021-11-15 02:01:58,25.1,36.2
2021-11-15 02:02:46,25.0,36.1
2021-11-15 02:03:34,24.9,36.1
2021-11-15 02:04:22,24.8,36.0
2021-11-15 02:05:10,24.8,36.0
2021-11-15 02:05:58,24.6,36.0
2021-11-15 02:06:46,24.6,36.0
2021-11-15 02:07:03,24.6,36.0
2021-11-15 02:07:35,24.6,35.9
2021-11-15 02:07:50,24.6,35.9
2021-11-15 02:08:23,24.5,35.9
2021-11-15 02:09:11,24.4,35.9
2021-11-15 02:09:59,24.3,35.9
2021-11-15 02:10:47,24.3,35.8
2021-11-15 02:11:35,24.3,35.8
2021-11-15 02:12:23,24.3,35.8
2021-11-15 02:12:53,24.3,35.8
2021-11-15 02:13:10,24.3,35.8
2021-11-15 02:13:26,24.3,35.8
2021-11-15 02:13:58,24.3,35.8
2021-11-15 02:14:46,24.2,35.8
2021-11-15 02:15:34,24.3,35.8
2021-11-15 02:16:22,24.3,35.8
2021-11-15 02:17:10,24.3,35.8
2021-11-15 02:17:58,24.3,35.7
2021-11-15 02:18:46,24.3,35.7
2021-11-15 02:19:34,24.3,35.7
2021-11-15 02:20:22,24.5,35.7
2021-11-15 02:21:10,24.5,35.7
2021-11-15 02:21:58,24.5,35.7
2021-11-15 02:22:46,24.5,35.7
2021-11-15 02:23:34,24.5,35.7
2021-11-15 02:24:23,24.6,35.7
2021-11-15 02:25:11,24.6,35.7
2021-11-15 02:25:59,24.6,35.7
2021-11-15 02:26:46,24.6,35.7
2021-11-15 02:26:47,24.6,35.7
2021-11-15 02:27:34,24.7,35.8
2021-11-15 02:28:22,24.7,35.8
2021-11-15 02:29:10,24.8,35.8
2021-11-15 02:29:58,24.8,35.8
2021-11-15 02:30:46,24.8,35.8
2021-11-15 02:31:34,24.9,35.8
2021-11-15 02:32:22,25.0,35.8
2021-11-15 02:33:10,25.0,35.8
2021-11-15 02:33:58,25.0,35.8
2021-11-15 02:34:46,25.1,35.8
2021-11-15 02:35:34,25.1,35.8
2021-11-15 02:36:22,25.1,35.8
2021-11-15 02:37:10,25.1,35.8
2021-11-15 02:37:58,25.3,35.8
2021-11-15 02:38:46,25.3,35.8
2021-11-15 02:39:34,25.3,35.8
2021-11-15 02:40:22,25.3,35.8
2021-11-15 02:41:10,25.3,35.8
2021-11-15 02:41:58,25.4,35.9
2021-11-15 02:42:47,25.4,35.9
2021-11-15 02:43:35,25.5,36.0
2021-11-15 02:44:22,25.5,36.0
2021-11-15 02:45:10,25.5,36.1
2021-11-15 02:45:58,25.5,36.1
2021-11-15 02:46:46,25.4,36.1
2021-11-15 02:47:34,25.4,36.2
2021-11-15 02:48:22,25.4,36.2
2021-11-15 02:49:10,25.4,36.2
2021-11-15 02:49:58,25.4,36.2
2021-11-15 02:50:46,25.4,36.2
2021-11-15 02:51:08,25.4,36.2
2021-11-15 02:51:34,25.3,36.2
2021-11-15 02:52:22,25.3,36.1
2021-11-15 02:53:10,25.3,36.1
2021-11-15 02:53:58,25.2,36.1
2021-11-15 02:54:46,25.2,36.0
2021-11-15 02:55:27,25.2,36.0
2021-11-15 02:55:34,25.2,36.0
2021-11-15 02:56:22,25.1,35.9
2021-11-15 02:57:10,25.1,35.9
2021-11-15 02:57:58,25.0,35.8
2021-11-15 02:58:46,25.0,35.8
2021-11-15 02:59:35,25.0,35.7
2021-11-15 03:00:22,25.0,35.7
2021-11-15 03:00:53,25.0,35.7
2021-11-15 03:01:10,25.0,35.6
2021-11-15 03:01:58,24.9,35.6
2021-11-15 03:02:46,24.8,35.6
2021-11-15 03:03:34,24.8,35.6
2021-11-15 03:03:49,24.8,35.6
2021-11-15 03:04:22,24.7,35.7
2021-11-15 03:05:10,24.7,35.7
2021-11-15 03:05:58,24.6,35.7
2021-11-15 03:06:46,24.6,35.7
2021-11-15 03:07:34,24.5,35.7
2021-11-15 03:08:22,24.5,35.7
2021-11-15 03:09:06,24.5,35.7
2021-11-15 03:09:10,24.5,35.6
2021-11-15 03:09:58,24.5,35.6
2021-11-15 03:10:46,24.4,35.6
2021-11-15 03:11:34,24.4,35.5
2021-11-15 03:12:22,24.3,35.5
2021-11-15 03:13:10,24.3,35.5
2021-11-15 03:13:58,24.2,35.4
2021-11-15 03:14:46,24.2,35.3
2021-11-15 03:15:34,24.2,35.3
2021-11-15 03:16:22,24.1,35.3
2021-11-15 03:17:10,24.1,35.2
2021-11-15 03:17:38,24.1,35.2
2021-11-15 03:17:58,24.1,35.1
2021-11-15 03:18:46,24.0,35.1
2021-11-15 03:19:34,24.0,35.1
2021-11-15 03:20:22,24.0,35.1
2021-11-15 03:21:10,24.0,35.1
2021-11-15 03:21:58,24.0,35.1
2021-11-15 03:22:46,24.0,35.1
2021-11-15 03:23:34,24.0,35.2
2021-11-15 03:24:22,24.0,35.3
2021-11-15 03:25:10,24.0,35.3
2021-11-15 03:25:58,24.0,35.3
2021-11-15 03:26:46,24.0,35.3
2021-11-15 03:27:34,24.0,35.3
2021-11-15 03:28:22,24.0,35.3
2021-11-15 03:29:10,24.0,35.3
2021-11-15 03:29:58,24.0,35.3
2021-11-15 03:30:45,24.0,35.3
2021-11-15 03:31:34,24.0,35.3
2021-11-15 03:32:22,24.0,35.3
2021-11-15 03:32:25,24.0,35.3
2021-11-15 03:33:10,24.0,35.3
2021-11-15 03:33:22,24.0,35.3
2021-11-15 03:33:48,24.0,35.3
2021-11-15 03:33:58,24.0,35.2
2021-11-15 03:34:46,24.0,35.1
2021-11-15 03:35:34,24.0,35.1
2021-11-15 03:36:22,24.0,35.1
2021-11-15 03:37:10,24.0,35.1
2021-11-15 03:37:58,24.0,35.0
2021-11-15 03:38:46,24.0,35.0
2021-11-15 03:39:34,24.0,35.0
2021-11-15 03:40:22,24.0,35.0
2021-11-15 03:41:10,24.0,35.1
2021-11-15 03:41:58,24.1,35.1
2021-11-15 03:42:46,24.0,35.1
2021-11-15 03:43:34,24.0,35.1
2021-11-15 03:44:22,24.0,35.2
2021-11-15 03:45:10,24.0,35.3
2021-11-15 03:45:57,24.0,35.3
2021-11-15 03:46:45,24.0,35.3
2021-11-15 03:47:33,24.0,35.3
2021-11-15 03:48:22,24.0,35.3
2021-11-15 03:49:10,24.0,35.3
2021-11-15 03:49:58,24.0,35.3
2021-11-15 03:50:46,23.9,35.3
2021-11-15 03:50:50,23.9,35.3
2021-11-15 03:51:34,23.9,35.3
2021-11-15 03:52:22,23.9,35.3
2021-11-15 03:53:10,23.9,35.3
2021-11-15 03:53:58,23.9,35.2
2021-11-15 03:54:46,23.8,35.2
2021-11-15 03:55:34,23.8,35.1
2021-11-15 03:56:22,23.8,35.1
2021-11-15 03:57:10,23.8,35.0
2021-11-15 03:57:58,23.8,35.0
2021-11-15 03:58:46,23.8,35.0
2021-11-15 03:58:54,23.8,35.0
2021-11-15 03:59:34,23.8,35.0
2021-11-15 04:00:22,23.8,35.1
2021-11-15 04:01:08,23.8,35.1
2021-11-15 04:01:10,23.9,35.1
2021-11-15 04:01:57,23.8,35.2
2021-11-15 04:02:45,23.8,35.3
2021-11-15 04:03:33,23.8,35.3
2021-11-15 04:04:21,23.8,35.4
2021-11-15 04:04:54,23.8,35.4
2021-11-15 04:05:10,23.8,35.4
2021-11-15 04:05:58,23.8,35.5
2021-11-15 04:06:46,23.8,35.5
2021-11-15 04:07:34,23.8,35.5
2021-11-15 04:08:22,23.8,35.5
2021-11-15 04:09:10,23.8,35.5
2021-11-15 04:09:58,23.8,35.5
2021-11-15 04:10:46,23.8,35.4
2021-11-15 04:11:34,23.8,35.4
2021-11-15 04:12:22,23.8,35.3
2021-11-15 04:13:10,23.8,35.3
2021-11-15 04:13:58,23.8,35.3
2021-11-15 04:14:46,23.8,35.2
2021-11-15 04:15:34,23.8,35.2
2021-11-15 04:16:22,23.8,35.1
2021-11-15 04:17:10,23.9,35.1
2021-11-15 04:17:58,23.9,35.1
2021-11-15 04:18:45,24.0,35.2
2021-11-15 04:19:33,24.0,35.2
2021-11-15 04:20:21,24.0,35.3
2021-11-15 04:21:09,24.0,35.3
2021-11-15 04:21:57,24.0,35.3
2021-11-15 04:22:45,24.0,35.4
2021-11-15 04:23:34,24.0,35.4
2021-11-15 04:24:22,24.0,35.5
2021-11-15 04:25:10,24.0,35.5
2021-11-15 04:25:58,24.0,35.5
2021-11-15 04:26:46,24.0,35.5
2021-11-15 04:27:18,24.0,35.5
2021-11-15 04:27:34,24.0,35.5
2021-11-15 04:28:22,24.0,35.4
2021-11-15 04:29:10,24.0,35.4
2021-11-15 04:29:58,24.0,35.4
2021-11-15 04:30:46,24.1,35.3
2021-11-15 04:31:34,24.0,35.3
2021-11-15 04:32:22,24.1,35.3
2021-11-15 04:33:10,24.1,35.3
2021-11-15 04:33:58,24.1,35.2
2021-11-15 04:34:39,24.1,35.2
2021-11-15 04:34:46,24.1,35.2
2021-11-15 04:35:34,24.1,35.2
2021-11-15 04:36:21,24.1,35.2
2021-11-15 04:37:09,24.1,35.3
2021-11-15 04:37:38,24.1,35.3
2021-11-15 04:37:57,24.1,35.3
2021-11-15 04:38:45,24.1,35.3
2021-11-15 04:39:33,24.1,35.4
2021-11-15 04:39:47,24.1,35.4
2021-11-15 04:40:21,24.1,35.5
2021-11-15 04:41:10,24.1,35.5
2021-11-15 04:41:58,24.1,35.5
2021-11-15 04:42:46,24.1,35.6
2021-11-15 04:43:09,24.1,35.6
2021-11-15 04:43:34,24.1,35.6
2021-11-15 04:44:22,24.1,35.6
2021-11-15 04:45:10,24.1,35.6
2021-11-15 04:45:58,24.1,35.6
2021-11-15 04:46:46,24.1,35.5
2021-11-15 04:47:34,24.1,35.5
2021-11-15 04:48:22,24.1,35.5
2021-11-15 04:48:24,24.1,35.5
2021-11-15 04:49:10,24.1,35.4
2021-11-15 04:49:40,24.1,35.4
2021-11-15 04:49:58,24.1,35.4
2021-11-15 04:50:46,24.1,35.3
2021-11-15 04:51:33,24.1,35.3
2021-11-15 04:52:21,24.1,35.3
2021-11-15 04:53:09,24.1,35.2
2021-11-15 04:53:57,24.1,35.2
2021-11-15 04:54:45,24.1,35.2
2021-11-15 04:55:33,24.1,35.2
2021-11-15 04:56:21,24.1,35.2
2021-11-15 04:57:09,24.1,35.3
2021-11-15 04:57:57,24.1,35.3
2021-11-15 04:58:45,24.1,35.3
2021-11-15 04:59:30,24.1,35.3
2021-11-15 04:59:34,24.1,35.3
2021-11-15 05:00:22,24.1,35.4
2021-11-15 05:01:10,24.1,35.4
2021-11-15 05:01:58,24.1,35.4
2021-11-15 05:02:46,24.1,35.4
2021-11-15 05:03:34,24.1,35.4
2021-11-15 05:04:22,24.1,35.3
2021-11-15 05:05:10,24.0,35.3
2021-11-15 05:05:58,24.0,35.3
2021-11-15 05:06:46,24.0,35.3
2021-11-15 05:07:34,24.0,35.3
2021-11-15 05:08:21,24.0,35.2
2021-11-15 05:09:09,24.0,35.1
2021-11-15 05:09:57,24.0,35.1
2021-11-15 05:10:45,24.0,35.1
2021-11-15 05:11:33,24.0,35.1
2021-11-15 05:12:21,24.0,35.1
2021-11-15 05:13:09,24.0,35.1
2021-11-15 05:13:57,24.0,35.1
2021-11-15 05:14:07,24.0,35.1
2021-11-15 05:14:45,23.9,35.1
2021-11-15 05:15:34,23.9,35.2
2021-11-15 05:16:22,23.9,35.3
2021-11-15 05:17:10,23.9,35.3
2021-11-15 05:17:58,23.8,35.4
2021-11-15 05:18:46,23.8,35.4
2021-11-15 05:19:34,23.8,35.4
2021-11-15 05:20:22,23.8,35.4
2021-11-15 05:21:10,23.8,35.4
2021-11-15 05:21:58,23.8,35.4
2021-11-15 05:22:46,23.8,35.4
2021-11-15 05:23:33,23.8,35.4
2021-11-15 05:24:21,23.8,35.3
2021-11-15 05:25:09,23.8,35.3
2021-11-15 05:25:57,23.8,35.3
2021-11-15 05:26:45,23.8,35.3
2021-11-15 05:27:33,23.8,35.2
2021-11-15 05:27:35,23.8,35.2
2021-11-15 05:28:21,23.8,35.1
2021-11-15 05:29:09,23.8,35.1
2021-11-15 05:29:57,23.8,35.1
2021-11-15 05:30:45,23.8,35.1
2021-11-15 05:31:34,23.8,35.1
2021-11-15 05:32:22,23.8,35.1
2021-11-15 05:33:10,23.8,35.2
2021-11-15 05:33:58,23.9,35.3
2021-11-15 05:34:46,23.8,35.3
2021-11-15 05:35:34,23.9,35.4
2021-11-15 05:36:22,23.9,35.4
2021-11-15 05:37:10,23.9,35.5
2021-11-15 05:37:58,23.9,35.5
2021-11-15 05:38:45,23.9,35.5
2021-11-15 05:39:33,24.0,35.5
2021-11-15 05:40:21,24.0,35.5
2021-11-15 05:41:09,24.0,35.5
2021-11-15 05:41:57,24.0,35.5
2021-11-15 05:42:45,24.0,35.4
2021-11-15 05:43:33,24.0,35.4
2021-11-15 05:44:02,24.0,35.4
2021-11-15 05:44:21,24.0,35.3
2021-11-15 05:45:09,24.0,35.3
2021-11-15 05:45:57,24.0,35.3
2021-11-15 05:46:45,24.0,35.2
2021-11-15 05:47:33,24.0,35.2
2021-11-15 05:48:22,24.0,35.2
2021-11-15 05:49:10,24.0,35.2
2021-11-15 05:49:58,24.0,35.3
2021-11-15 05:50:46,24.0,35.3
2021-11-15 05:51:34,24.0,35.3
2021-11-15 05:51:59,24.0,35.3
2021-11-15 05:52:12,24.0,35.3
2021-11-15 05:52:22,24.0,35.4
2021-11-15 05:53:10,24.0,35.5
2021-11-15 05:53:24,24.0,35.5
2021-11-15 05:53:57,24.0,35.6
2021-11-15 05:54:45,24.0,35.6
2021-11-15 05:55:33,24.0,35.6
2021-11-15 05:56:21,24.0,35.6
2021-11-15 05:57:09,24.0,35.6
2021-11-15 05:57:57,24.0,35.6
2021-11-15 05:58:45,24.0,35.6
2021-11-15 05:59:33,24.0,35.6
2021-11-15 06:00:21,24.1,35.6
2021-11-15 06:01:09,24.0,35.5
2021-11-15 06:01:57,24.1,35.5
2021-11-15 06:02:45,24.1,35.5
2021-11-15 06:03:25,24.1,35.5
2021-11-15 06:03:33,24.0,35.4
2021-11-15 06:04:22,24.0,35.3
2021-11-15 06:05:10,24.0,35.3
2021-11-15 06:05:58,24.1,35.3
2021-11-15 06:06:46,24.1,35.3
2021-11-15 06:07:34,24.1,35.3
2021-11-15 06:08:22,24.1,35.3
2021-11-15 06:08:46,24.1,35.3
2021-11-15 06:09:09,24.1,35.3
2021-11-15 06:09:57,24.1,35.3
2021-11-15 06:10:45,24.1,35.4
2021-11-15 06:11:33,24.1,35.5
2021-11-15 06:12:21,24.0,35.6
2021-11-15 06:13:09,24.1,35.6
2021-11-15 06:13:57,24.0,35.6
2021-11-15 06:14:45,24.0,35.6
2021-11-15 06:15:33,24.0,35.6
2021-11-15 06:16:21,24.0,35.6
2021-11-15 06:17:09,24.0,35.6
2021-11-15 06:17:57,24.0,35.6
2021-11-15 06:18:45,24.0,35.5
2021-11-15 06:19:33,24.0,35.5
2021-11-15 06:19:52,24.0,35.5
2021-11-15 06:20:21,24.0,35.5
2021-11-15 06:21:09,24.0,35.4
2021-11-15 06:21:57,24.0,35.4
2021-11-15 06:22:46,23.9,35.3
2021-11-15 06:23:34,23.9,35.3
2021-11-15 06:24:22,23.9,35.3
2021-11-15 06:25:10,23.9,35.2
2021-11-15 06:25:58,23.9,35.1
2021-11-15 06:26:45,23.8,35.1
2021-11-15 06:27:33,23.8,35.1
2021-11-15 06:28:21,23.8,35.1
2021-11-15 06:29:09,23.8,35.1
2021-11-15 06:29:57,23.8,35.2
2021-11-15 06:30:45,23.8,35.3
2021-11-15 06:31:33,23.8,35.3
2021-11-15 06:32:21,23.8,35.3
2021-11-15 06:33:09,23.8,35.4
2021-11-15 06:33:57,23.8,35.4
2021-11-15 06:34:45,23.8,35.4
2021-11-15 06:35:33,23.8,35.4
2021-11-15 06:36:21,23.8,35.4
2021-11-15 06:37:09,23.8,35.4
2021-11-15 06:37:57,23.8,35.4
2021-11-15 06:38:45,23.9,35.3
2021-11-15 06:39:33,23.8,35.3
2021-11-15 06:40:21,23.8,35.3
2021-11-15 06:41:09,23.9,35.3
2021-11-15 06:41:38,23.9,35.3
2021-11-15 06:41:57,23.9,35.3
2021-11-15 06:42:46,23.9,35.2
2021-11-15 06:43:34,23.9,35.2
2021-11-15 06:44:22,23.9,35.1
2021-11-15 06:45:09,24.0,35.1
2021-11-15 06:45:57,24.0,35.1
2021-11-15 06:46:45,24.0,35.1
2021-11-15 06:47:33,24.0,35.2
2021-11-15 06:48:21,24.0,35.2
2021-11-15 06:49:09,24.0,35.3
2021-11-15 06:49:57,24.0,35.4
2021-11-15 06:50:45,24.0,35.5
2021-11-15 06:51:33,24.0,35.5
2021-11-15 06:52:21,24.0,35.5
2021-11-15 06:53:04,24.0,35.5
2021-11-15 06:53:09,24.0,35.5
2021-11-15 06:53:57,24.0,35.5
2021-11-15 06:54:45,24.0,35.5
2021-11-15 06:55:33,24.0,35.5
2021-11-15 06:56:21,24.0,35.5
2021-11-15 06:57:09,24.0,35.5
2021-11-15 06:57:38,24.0,35.5
2021-11-15 06:57:57,24.0,35.5
2021-11-15 06:58:46,24.0,35.4
2021-11-15 06:59:34,24.0,35.4
2021-11-15 07:00:21,24.0,35.3
2021-11-15 07:00:57,24.0,35.3
2021-11-15 07:01:09,24.0,35.3
2021-11-15 07:01:57,23.9,35.3
2021-11-15 07:02:45,24.0,35.2
2021-11-15 07:03:00,24.0,35.2
2021-11-15 07:03:13,24.0,35.2
2021-11-15 07:03:33,23.9,35.1
2021-11-15 07:03:38,23.9,35.1
2021-11-15 07:04:21,24.0,35.1
2021-11-15 07:05:09,24.0,35.1
2021-11-15 07:05:57,24.0,35.1
2021-11-15 07:06:45,24.0,35.2
2021-11-15 07:07:33,24.0,35.2
2021-11-15 07:08:21,24.0,35.3
2021-11-15 07:09:09,24.0,35.3
2021-11-15 07:09:57,23.9,35.4
2021-11-15 07:10:24,23.9,35.4
2021-11-15 07:10:45,23.9,35.5
2021-11-15 07:11:26,23.9,35.5
2021-11-15 07:11:33,23.9,35.5
2021-11-15 07:12:21,23.9,35.5
2021-11-15 07:12:37,23.9,35.5
2021-11-15 07:13:09,23.9,35.5
2021-11-15 07:13:34,23.9,35.5
2021-11-15 07:13:57,23.9,35.5
2021-11-15 07:14:45,23.9,35.5
2021-11-15 07:14:59,23.9,35.5
2021-11-15 07:15:34,23.8,35.5
2021-11-15 07:16:21,23.9,35.4
2021-11-15 07:17:09,23.8,35.3
2021-11-15 07:17:57,23.8,35.3
2021-11-15 07:18:45,23.8,35.3
2021-11-15 07:19:33,23.8,35.2
2021-11-15 07:20:21,23.8,35.1
2021-11-15 07:21:09,23.8,35.1
2021-11-15 07:21:57,23.8,35.1
2021-11-15 07:22:45,23.8,35.1
2021-11-15 07:23:33,23.8,35.1
2021-11-15 07:24:21,23.8,35.1
2021-11-15 07:25:09,23.8,35.1
2021-11-15 07:25:57,23.7,35.1
2021-11-15 07:26:45,23.7,35.2
2021-11-15 07:27:33,23.7,35.2
2021-11-15 07:28:21,23.7,35.3
2021-11-15 07:28:58,23.7,35.3
2021-11-15 07:29:09,23.6,35.3
2021-11-15 07:29:57,23.6,35.3
2021-11-15 07:30:45,23.6,35.3
2021-11-15 07:31:32,23.6,35.3
2021-11-15 07:32:21,23.6,35.3
2021-11-15 07:33:09,23.6,35.2
2021-11-15 07:33:57,23.6,35.2
2021-11-15 07:34:45,23.6,35.1
2021-11-15 07:35:33,23.6,35.1
2021-11-15 07:36:21,23.6,35.1
2021-11-15 07:37:09,23.6,35.0
2021-11-15 07:37:57,23.6,35.0
2021-11-15 07:38:45,23.6,35.0
2021-11-15 07:39:33,23.6,35.0
2021-11-15 07:39:36,23.6,35.0
2021-11-15 07:40:21,23.6,35.0
2021-11-15 07:41:09,23.6,35.0
2021-11-15 07:41:57,23.6,35.1
2021-11-15 07:42:45,23.6,35.1
2021-11-15 07:43:33,23.6,35.2
2021-11-15 07:44:21,23.6,35.3
2021-11-15 07:45:09,23.6,35.3
2021-11-15 07:45:57,23.6,35.3
2021-11-15 07:46:45,23.6,35.4
2021-11-15 07:47:32,23.7,35.4
2021-11-15 07:48:20,23.7,35.5
2021-11-15 07:49:08,23.7,35.5
2021-11-15 07:49:57,23.7,35.4
2021-11-15 07:50:18,23.7,35.4
2021-11-15 07:50:45,23.7,35.4
2021-11-15 07:51:33,23.7,35.4
2021-11-15 07:52:21,23.7,35.4
2021-11-15 07:53:09,23.7,35.3
2021-11-15 07:53:29,23.7,35.3
2021-11-15 07:53:57,23.8,35.3
2021-11-15 07:54:45,23.7,35.3
2021-11-15 07:55:33,23.8,35.2
2021-11-15 07:56:21,23.7,35.2
2021-11-15 07:57:09,23.8,35.1
2021-11-15 07:57:57,23.8,35.1
2021-11-15 07:58:45,23.8,35.1
2021-11-15 07:59:33,23.8,35.1
2021-11-15 08:00:21,23.8,35.1
2021-11-15 08:01:09,23.8,35.1
2021-11-15 08:01:57,23.8,35.2
2021-11-15 08:02:45,23.8,35.3
2021-11-15 08:03:33,23.8,35.3
2021-11-15 08:04:21,23.8,35.3
2021-11-15 08:05:09,23.8,35.3
2021-11-15 08:05:57,23.8,35.4
2021-11-15 08:06:44,23.8,35.4
2021-11-15 08:07:32,23.8,35.3
2021-11-15 08:08:20,23.8,35.3
2021-11-15 08:09:08,23.8,35.3
2021-11-15 08:09:57,23.8,35.3
2021-11-15 08:10:45,23.8,35.3
2021-11-15 08:11:24,23.8,35.3
2021-11-15 08:11:33,23.8,35.2
2021-11-15 08:12:21,23.8,35.2
2021-11-15 08:12:54,23.8,35.2
2021-11-15 08:13:09,23.8,35.1
2021-11-15 08:13:57,23.8,35.1
2021-11-15 08:14:35,23.8,35.1
2021-11-15 08:14:45,23.8,35.1
2021-11-15 08:14:49,23.8,35.1
2021-11-15 08:15:33,23.8,35.1
2021-11-15 08:16:21,23.8,35.1
2021-11-15 08:17:00,23.8,35.1
2021-11-15 08:17:09,23.8,35.1
2021-11-15 08:17:57,23.8,35.1
2021-11-15 08:18:45,23.8,35.1
2021-11-15 08:19:33,23.8,35.1
2021-11-15 08:20:21,23.8,35.2
2021-11-15 08:20:47,23.8,35.2
2021-11-15 08:21:09,23.8,35.3
2021-11-15 08:21:57,23.8,35.3
2021-11-15 08:22:45,23.8,35.4
2021-11-15 08:23:33,23.8,35.4
2021-11-15 08:24:20,23.8,35.4
2021-11-15 08:25:08,23.8,35.4
2021-11-15 08:25:56,23.8,35.4
2021-11-15 08:26:44,23.7,35.4
2021-11-15 08:27:32,23.7,35.4
2021-11-15 08:28:21,23.7,35.3
2021-11-15 08:29:09,23.7,35.3
2021-11-15 08:29:43,23.7,35.3
2021-11-15 08:29:57,23.7,35.3
2021-11-15 08:30:45,23.7,35.2
2021-11-15 08:31:33,23.6,35.1
2021-11-15 08:32:21,23.6,35.1
2021-11-15 08:33:09,23.6,35.1
2021-11-15 08:33:57,23.6,35.0
2021-11-15 08:34:45,23.6,35.0
2021-11-15 08:35:33,23.6,35.0
2021-11-15 08:36:21,23.6,35.0
2021-11-15 08:37:09,23.6,35.0
2021-11-15 08:37:57,23.6,35.1
2021-11-15 08:38:45,23.6,35.1
2021-11-15 08:39:33,23.6,35.1
2021-11-15 08:40:21,23.6,35.2
2021-11-15 08:41:08,23.6,35.3
2021-11-15 08:41:56,23.5,35.3
2021-11-15 08:42:44,23.5,35.3
2021-11-15 08:43:32,23.5,35.3
2021-11-15 08:44:20,23.5,35.3
2021-11-15 08:45:08,23.5,35.3
2021-11-15 08:45:33,23.5,35.3
2021-11-15 08:45:57,23.5,35.2
2021-11-15 08:46:01,23.5,35.2
2021-11-15 08:46:45,23.5,35.2
2021-11-15 08:47:02,23.5,35.2
2021-11-15 08:47:09,23.5,35.2
2021-11-15 08:47:33,23.5,35.2
2021-11-15 08:48:21,23.5,35.1
2021-11-15 08:49:09,23.5,35.1
2021-11-15 08:49:57,23.5,35.1
2021-11-15 08:50:45,23.5,35.0
2021-11-15 08:51:33,23.5,35.0
2021-11-15 08:52:21,23.5,35.0
2021-11-15 08:53:09,23.5,35.0
2021-11-15 08:53:57,23.5,35.0
2021-11-15 08:54:45,23.6,35.0
2021-11-15 08:55:32,23.6,35.0
2021-11-15 08:56:20,23.6,35.1
2021-11-15 08:57:08,23.6,35.1
2021-11-15 08:57:56,23.6,35.1
2021-11-15 08:58:44,23.6,35.2
2021-11-15 08:59:32,23.6,35.3
2021-11-15 09:00:20,23.6,35.3
2021-11-15 09:01:08,23.6,35.3
2021-11-15 09:01:56,23.6,35.3
2021-11-15 09:02:45,23.6,35.3
2021-11-15 09:03:33,23.6,35.3
2021-11-15 09:04:21,23.6,35.3
2021-11-15 09:04:22,23.6,35.3
2021-11-15 09:05:09,23.6,35.2
2021-11-15 09:05:57,23.6,35.2
2021-11-15 09:06:45,23.6,35.1
2021-11-15 09:07:33,23.6,35.1
2021-11-15 09:08:21,23.6,35.1
2021-11-15 09:09:09,23.6,35.1
2021-11-15 09:09:36,23.6,35.1
2021-11-15 09:09:57,23.6,35.0
2021-11-15 09:10:45,23.6,35.0
2021-11-15 09:11:33,23.6,35.0
2021-11-15 09:12:20,23.6,35.0
2021-11-15 09:13:08,23.6,35.1
2021-11-15 09:13:56,23.6,35.1
2021-11-15 09:14:44,23.6,35.1
2021-11-15 09:15:32,23.6,35.2
2021-11-15 09:16:20,23.6,35.3
2021-11-15 09:17:08,23.6,35.3
2021-11-15 09:17:56,23.6,35.4
2021-11-15 09:18:44,23.6,35.3
2021-11-15 09:19:33,23.6,35.3
2021-11-15 09:20:21,23.6,35.3
2021-11-15 09:21:09,23.6,35.3
2021-11-15 09:21:57,23.6,35.3
2021-11-15 09:22:45,23.6,35.3
2021-11-15 09:23:33,23.6,35.3
2021-11-15 09:24:21,23.6,35.3
2021-11-15 09:25:09,23.6,35.2
2021-11-15 09:25:57,23.6,35.1
2021-11-15 09:26:45,23.6,35.1
2021-11-15 09:27:33,23.6,35.1
2021-11-15 09:28:20,23.6,35.1
2021-11-15 09:28:53,23.6,35.1
2021-11-15 09:29:08,23.6,35.0
2021-11-15 09:29:56,23.6,35.0
2021-11-15 09:30:44,23.6,34.9
2021-11-15 09:31:32,23.5,34.8
2021-11-15 09:32:20,23.3,34.8
2021-11-15 09:33:08,23.0,34.7
2021-11-15 09:33:56,22.6,34.6
2021-11-15 09:34:40,22.6,34.6
2021-11-15 09:34:44,22.3,34.5
2021-11-15 09:35:32,22.1,34.5
2021-11-15 09:36:20,22.1,34.5
2021-11-15 09:36:55,22.1,34.5
2021-11-15 09:37:09,22.0,34.5
2021-11-15 09:37:57,22.0,34.5
2021-11-15 09:38:45,22.0,34.5
2021-11-15 09:39:33,22.1,34.5
2021-11-15 09:40:21,22.3,34.5
2021-11-15 09:41:09,22.6,34.6
2021-11-15 09:41:57,23.1,34.8
2021-11-15 09:42:45,23.6,35.1
2021-11-15 09:43:32,24.3,35.3
2021-11-15 09:44:20,25.0,35.6
2021-11-15 09:45:08,25.5,35.9
2021-11-15 09:45:56,26.1,36.2
2021-11-15 09:46:44,26.5,36.5
2021-11-15 09:47:32,27.0,36.8
2021-11-15 09:48:20,27.4,37.1
2021-11-15 09:49:08,27.7,37.3
2021-11-15 09:49:56,28.0,37.5
2021-11-15 09:50:44,28.2,37.6
2021-11-15 09:51:32,28.3,37.8
2021-11-15 09:52:20,28.5,37.9
2021-11-15 09:53:09,28.6,37.9
2021-11-15 09:53:27,28.6,37.9
2021-11-15 09:53:57,28.6,37.9
2021-11-15 09:54:45,28.8,37.9
2021-11-15 09:55:33,28.8,37.9
2021-11-15 09:56:21,28.9,37.9
2021-11-15 09:57:09,29.0,37.8
2021-11-15 09:57:55,29.0,37.8
2021-11-15 09:57:57,29.0,37.8
2021-11-15 09:58:44,29.0,37.8
2021-11-15 09:59:32,29.0,37.8
2021-11-15 10:00:20,29.0,37.8
2021-11-15 10:00:37,29.0,37.8
2021-11-15 10:01:08,29.0,37.8
2021-11-15 10:01:56,29.0,37.9
2021-11-15 10:02:12,29.0,37.9
2021-11-15 10:02:44,28.9,38.0
2021-11-15 10:03:32,28.9,38.0
2021-11-15 10:04:20,28.8,38.0
2021-11-15 10:05:08,28.8,38.1
2021-11-15 10:05:56,28.9,38.1
2021-11-15 10:06:18,28.9,38.1
2021-11-15 10:06:44,28.9,38.2
2021-11-15 10:07:32,28.9,38.1
2021-11-15 10:08:20,28.9,38.1
2021-11-15 10:09:08,28.9,38.1
2021-11-15 10:09:12,28.9,38.1
2021-11-15 10:09:56,28.9,38.1
2021-11-15 10:10:44,28.9,38.0
2021-11-15 10:10:47,28.9,38.0
2021-11-15 10:11:33,29.0,38.0
2021-11-15 10:12:05,29.0,38.0
2021-11-15 10:12:21,29.0,38.0
2021-11-15 10:13:09,29.0,37.8
2021-11-15 10:13:57,29.0,37.8
2021-11-15 10:14:22,29.0,37.8
2021-11-15 10:14:45,29.0,37.8
2021-11-15 10:15:33,29.0,37.7
2021-11-15 10:16:20,29.0,37.7
2021-11-15 10:17:08,28.9,37.7
2021-11-15 10:17:56,28.9,37.8
2021-11-15 10:18:44,28.9,37.8
2021-11-15 10:19:32,28.9,37.9
2021-11-15 10:20:20,28.8,38.0
2021-11-15 10:21:08,28.8,38.0
2021-11-15 10:21:56,28.8,38.0
2021-11-15 10:22:44,28.8,38.0
2021-11-15 10:23:32,28.8,38.0
2021-11-15 10:24:20,28.8,38.0
2021-11-15 10:25:08,28.8,38.0
2021-11-15 10:25:56,28.9,38.0
2021-11-15 10:26:35,28.9,38.0
2021-11-15 10:26:44,28.9,37.9
2021-11-15 10:27:32,28.9,37.9
2021-11-15 10:27:59,28.9,37.9
2021-11-15 10:28:06,28.9,37.9
2021-11-15 10:28:20,28.8,37.8
2021-11-15 10:29:09,28.8,37.8
2021-11-15 10:29:57,28.9,37.7
2021-11-15 10:30:45,28.9,37.7
2021-11-15 10:31:33,28.8,37.6
2021-11-15 10:32:20,28.8,37.6
2021-11-15 10:33:08,28.8,37.5
2021-11-15 10:33:56,28.8,37.5
2021-11-15 10:34:44,28.8,37.5
2021-11-15 10:35:32,28.8,37.5
2021-11-15 10:35:48,28.8,37.5
2021-11-15 10:36:20,28.8,37.5
2021-11-15 10:37:08,28.7,37.5
2021-11-15 10:37:56,28.7,37.6
2021-11-15 10:38:44,28.7,37.6
2021-11-15 10:39:32,28.6,37.8
2021-11-15 10:40:20,28.6,37.8
2021-11-15 10:41:08,28.6,37.8
2021-11-15 10:41:56,28.6,37.8
2021-11-15 10:42:44,28.6,37.7
2021-11-15 10:43:32,28.6,37.7
2021-11-15 10:44:20,28.6,37.7
2021-11-15 10:45:08,28.6,37.6
2021-11-15 10:45:56,28.6,37.6
2021-11-15 10:46:45,28.6,37.6
2021-11-15 10:47:01,28.6,37.6
2021-11-15 10:47:16,28.6,37.6
2021-11-15 10:47:29,28.6,37.6
2021-11-15 10:47:33,28.6,37.5
2021-11-15 10:48:21,28.6,37.5
2021-11-15 10:49:08,28.6,37.4
2021-11-15 10:49:56,28.5,37.3
2021-11-15 10:50:44,28.5,37.3
2021-11-15 10:51:32,28.5,37.3
2021-11-15 10:52:20,28.5,37.3
2021-11-15 10:53:08,28.4,37.3
2021-11-15 10:53:56,28.4,37.4
2021-11-15 10:54:44,28.3,37.5
2021-11-15 10:55:32,28.3,37.6
2021-11-15 10:56:20,28.3,37.6
2021-11-15 10:57:08,28.3,37.7
2021-11-15 10:57:56,28.3,37.8
2021-11-15 10:58:44,28.3,37.8
2021-11-15 10:59:32,28.2,37.8
